Workbook
Name SAPCrosstab1: AfO!$A$1:$I$228
Name SAPCrosstab10: 'Sales 2019 - 2024'!$N$1:$P$11
Name SAPCrosstab11: 'Sales 2019 - 2024'!$R$1:$T$7
Name SAPCrosstab12: 'Sales 2019 - 2024'!$V$1:$Y$223
Name SAPCrosstab2: 'Sales 2019 - 2024'!$A$1:$E$13213
Name SAPCrosstab3: 'AfO - Leads'!$A$1:$C$49
Name SAPCrosstab4: 'AfO - Leads'!$E$1:$H$51
Name SAPCrosstab5: 'AfO - Leads'!$J$1:$L$49
Name SAPCrosstab6: 'Market Potential'!$A$1:$C$55
Name SAPCrosstab7: 'Market Potential'!$D$1:$E$22
Name SAPCrosstab8: 'Market Potential'!$G$1:$J$229
Name SAPCrosstab9: 'Sales 2019 - 2024'!$H$1:$L$1903

Sheet _com.sap.ip.bi.xl.hiddensheet

Sheet 1 - X5 Template Working File
J2: X5 Targets
A3: Gross Sales ['mio. €] | J3: B2C Applications Beverage
A4: Region | B4: Market Segments L2 | C4: FY 2019 | D4: FY 2020 | E4: FY 2021 | F4: FY 2022 | G4: FY 2023 | H4: BUD 2024 | I4: RunRate 2024 | J4: Beer & Malt Bev. | K4: Cider, Wine, Spirits | L4: Instant & Dry Bev. | M4: Juices & Juice Drnks | N4: Soft Drinks & Waters | O4: Sports,Ener,FuncDrnk | P4: Syrups | Q4: Tea & Coffee Drinks | R4: X5 Growth | S4: FY 2029 (est.) | T4: CAGR '19 - '24 | U4: CAGR '24 - '29
C5: *mio. € | D5: *mio. € | E5: *mio. € | F5: *mio. € | G5: *mio. € | H5: *mio. € | I5: *mio. € | J5: *mio. € | K5: *mio. € | L5: *mio. € | M5: *mio. € | N5: *mio. € | O5: *mio. € | P5: *mio. € | Q5: *mio. € | R5: *mio. € | S5: *mio. € | T5: % | U5: %
A6: Group | B6: Brewery | C6: =SUMIFS(AfO!D:D,AfO!$A:$A,$A$6,AfO!$B:$B,$B6)/1000 -> 165.75023 | D6: =SUMIFS(AfO!E:E,AfO!$A:$A,$A$6,AfO!$B:$B,$B6)/1000 -> 181.95778 | E6: =SUMIFS(AfO!F:F,AfO!$A:$A,$A$6,AfO!$B:$B,$B6)/1000 -> 226.90863 | F6: =SUMIFS(AfO!G:G,AfO!$A:$A,$A$6,AfO!$B:$B,$B6)/1000 -> 276.0359 | G6: =SUMIFS(AfO!H:H,AfO!$A:$A,$A$6,AfO!$B:$B,$B6)/1000 -> 280.99441 | H6: =SUMIFS(AfO!I:I,AfO!$A:$A,$A$6,AfO!$B:$B,$B6)/1000 -> 315.70569 | I6: =SUMIFS(AfO!J:J,AfO!$A:$A,$A$6,AfO!$B:$B,$B6)/1000 -> 305.72125 | J6: =SUM(J14,J22,J30,J38,J46,J54,J62,J70) -> 0 | K6: =SUM(K14,K22,K30,K38,K46,K54,K62,K70) -> 0 | L6: =SUM(L14,L22,L30,L38,L46,L54,L62,L70) -> 0 | M6: =SUM(M14,M22,M30,M38,M46,M54,M62,M70) -> 0 | N6: =SUM(N14,N22,N30,N38,N46,N54,N62,N70) -> 0 | O6: =SUM(O14,O22,O30,O38,O46,O54,O62,O70) -> 0 | P6: =SUM(P14,P22,P30,P38,P46,P54,P62,P70) -> 0 | Q6: =SUM(Q14,Q22,Q30,Q38,Q46,Q54,Q62,Q70) -> 0 | R6: =SUM(J6:Q6) -> 0 | S6: =R6+I6 -> 305.72125 | T6: =(((I6/C6))^(1/5))-1 -> 0.13024943 | U6: =(((S6/I6))^(1/5))-1 -> 0
B7: Cider, Wine & Spirit | C7: =SUMIFS(AfO!D:D,AfO!$A:$A,$A$6,AfO!$B:$B,$B7)/1000 -> 66.58099 | D7: =SUMIFS(AfO!E:E,AfO!$A:$A,$A$6,AfO!$B:$B,$B7)/1000 -> 67.226292 | E7: =SUMIFS(AfO!F:F,AfO!$A:$A,$A$6,AfO!$B:$B,$B7)/1000 -> 80.465685 | F7: =SUMIFS(AfO!G:G,AfO!$A:$A,$A$6,AfO!$B:$B,$B7)/1000 -> 98.636943 | G7: =SUMIFS(AfO!H:H,AfO!$A:$A,$A$6,AfO!$B:$B,$B7)/1000 -> 97.626815 | H7: =SUMIFS(AfO!I:I,AfO!$A:$A,$A$6,AfO!$B:$B,$B7)/1000 -> 108.22972 | I7: =SUMIFS(AfO!J:J,AfO!$A:$A,$A$6,AfO!$B:$B,$B7)/1000 -> 101.28411 | J7: =SUM(J15,J23,J31,J39,J47,J55,J63,J71) -> 0 | K7: =SUM(K15,K23,K31,K39,K47,K55,K63,K71) -> 0 | L7: =SUM(L15,L23,L31,L39,L47,L55,L63,L71) -> 0 | M7: =SUM(M15,M23,M31,M39,M47,M55,M63,M71) -> 0 | N7: =SUM(N15,N23,N31,N39,N47,N55,N63,N71) -> 0 | O7: =SUM(O15,O23,O31,O39,O47,O55,O63,O71) -> 0 | P7: =SUM(P15,P23,P31,P39,P47,P55,P63,P71) -> 0 | Q7: =SUM(Q15,Q23,Q31,Q39,Q47,Q55,Q63,Q71) -> 0 | R7: =SUM(J7:Q7) -> 0 | S7: =R7+I7 -> 101.28411 | T7: =(((I7/C7))^(1/5))-1 -> 0.087522398 | U7: =(((S7/I7))^(1/5))-1 -> 0
B8: Alc. Beverages | C8: =SUM(C6:C7) -> 232.33122 | D8: =SUM(D6:D7) -> 249.18407 | E8: =SUM(E6:E7) -> 307.37431 | F8: =SUM(F6:F7) -> 374.67284 | G8: =SUM(G6:G7) -> 378.62123 | H8: =SUM(H6:H7) -> 423.93541 | I8: =SUM(I6:I7) -> 407.00536 | J8: =SUM(J16,J24,J32,J40,J48,J56,J64,J72) -> 0 | K8: =SUM(K16,K24,K32,K40,K48,K56,K64,K72) -> 0 | L8: =SUM(L16,L24,L32,L40,L48,L56,L64,L72) -> 0 | M8: =SUM(M16,M24,M32,M40,M48,M56,M64,M72) -> 0 | N8: =SUM(N16,N24,N32,N40,N48,N56,N64,N72) -> 0 | O8: =SUM(O16,O24,O32,O40,O48,O56,O64,O72) -> 0 | P8: =SUM(P16,P24,P32,P40,P48,P56,P64,P72) -> 0 | Q8: =SUM(Q16,Q24,Q32,Q40,Q48,Q56,Q64,Q72) -> 0 | R8: =SUM(J8:Q8) -> 0 | S8: =R8+I8 -> 407.00536 | T8: =(((I8/C8))^(1/5))-1 -> 0.11866103 | U8: =(((S8/I8))^(1/5))-1 -> 0
B9: Juice & Juice Drink | C9: =SUMIFS(AfO!D:D,AfO!$A:$A,$A$6,AfO!$B:$B,$B9)/1000 -> 448.51278 | D9: =SUMIFS(AfO!E:E,AfO!$A:$A,$A$6,AfO!$B:$B,$B9)/1000 -> 450.56219 | E9: =SUMIFS(AfO!F:F,AfO!$A:$A,$A$6,AfO!$B:$B,$B9)/1000 -> 524.17919 | F9: =SUMIFS(AfO!G:G,AfO!$A:$A,$A$6,AfO!$B:$B,$B9)/1000 -> 718.52288 | G9: =SUMIFS(AfO!H:H,AfO!$A:$A,$A$6,AfO!$B:$B,$B9)/1000 -> 752.9857 | H9: =SUMIFS(AfO!I:I,AfO!$A:$A,$A$6,AfO!$B:$B,$B9)/1000 -> 839.00331 | I9: =SUMIFS(AfO!J:J,AfO!$A:$A,$A$6,AfO!$B:$B,$B9)/1000 -> 852.00248 | J9: =SUM(J17,J25,J33,J41,J49,J57,J65,J73) -> 0 | K9: =SUM(K17,K25,K33,K41,K49,K57,K65,K73) -> 0 | L9: =SUM(L17,L25,L33,L41,L49,L57,L65,L73) -> 0 | M9: =SUM(M17,M25,M33,M41,M49,M57,M65,M73) -> 0 | N9: =SUM(N17,N25,N33,N41,N49,N57,N65,N73) -> 0 | O9: =SUM(O17,O25,O33,O41,O49,O57,O65,O73) -> 0 | P9: =SUM(P17,P25,P33,P41,P49,P57,P65,P73) -> 0 | Q9: =SUM(Q17,Q25,Q33,Q41,Q49,Q57,Q65,Q73) -> 0 | R9: =SUM(J9:Q9) -> 0 | S9: =R9+I9 -> 852.00248 | T9: =(((I9/C9))^(1/5))-1 -> 0.13692864 | U9: =(((S9/I9))^(1/5))-1 -> 0
B10: Soft Drink | C10: =SUMIFS(AfO!D:D,AfO!$A:$A,$A$6,AfO!$B:$B,$B10)/1000 -> 533.04683 | D10: =SUMIFS(AfO!E:E,AfO!$A:$A,$A$6,AfO!$B:$B,$B10)/1000 -> 537.17507 | E10: =SUMIFS(AfO!F:F,AfO!$A:$A,$A$6,AfO!$B:$B,$B10)/1000 -> 639.48888 | F10: =SUMIFS(AfO!G:G,AfO!$A:$A,$A$6,AfO!$B:$B,$B10)/1000 -> 765.27568 | G10: =SUMIFS(AfO!H:H,AfO!$A:$A,$A$6,AfO!$B:$B,$B10)/1000 -> 818.63761 | H10: =SUMIFS(AfO!I:I,AfO!$A:$A,$A$6,AfO!$B:$B,$B10)/1000 -> 913.72867 | I10: =SUMIFS(AfO!J:J,AfO!$A:$A,$A$6,AfO!$B:$B,$B10)/1000 -> 904.80327 | J10: =SUM(J18,J26,J34,J42,J50,J58,J66,J74) -> 0 | K10: =SUM(K18,K26,K34,K42,K50,K58,K66,K74) -> 0 | L10: =SUM(L18,L26,L34,L42,L50,L58,L66,L74) -> 0 | M10: =SUM(M18,M26,M34,M42,M50,M58,M66,M74) -> 0 | N10: =SUM(N18,N26,N34,N42,N50,N58,N66,N74) -> 0 | O10: =SUM(O18,O26,O34,O42,O50,O58,O66,O74) -> 0 | P10: =SUM(P18,P26,P34,P42,P50,P58,P66,P74) -> 0 | Q10: =SUM(Q18,Q26,Q34,Q42,Q50,Q58,Q66,Q74) -> 0 | R10: =SUM(J10:Q10) -> 0 | S10: =R10+I10 -> 904.80327 | T10: =(((I10/C10))^(1/5))-1 -> 0.1116236 | U10: =(((S10/I10))^(1/5))-1 -> 0
B11: Tea & Coffee | C11: =SUMIFS(AfO!D:D,AfO!$A:$A,$A$6,AfO!$B:$B,$B11)/1000 -> 17.862578 | D11: =SUMIFS(AfO!E:E,AfO!$A:$A,$A$6,AfO!$B:$B,$B11)/1000 -> 13.869647 | E11: =SUMIFS(AfO!F:F,AfO!$A:$A,$A$6,AfO!$B:$B,$B11)/1000 -> 26.047573 | F11: =SUMIFS(AfO!G:G,AfO!$A:$A,$A$6,AfO!$B:$B,$B11)/1000 -> 19.449724 | G11: =SUMIFS(AfO!H:H,AfO!$A:$A,$A$6,AfO!$B:$B,$B11)/1000 -> 43.366981 | H11: =SUMIFS(AfO!I:I,AfO!$A:$A,$A$6,AfO!$B:$B,$B11)/1000 -> 43.8466 | I11: =SUMIFS(AfO!J:J,AfO!$A:$A,$A$6,AfO!$B:$B,$B11)/1000 -> 49.662591 | J11: =SUM(J19,J27,J35,J43,J51,J59,J67,J75) -> 0 | K11: =SUM(K19,K27,K35,K43,K51,K59,K67,K75) -> 0 | L11: =SUM(L19,L27,L35,L43,L51,L59,L67,L75) -> 0 | M11: =SUM(M19,M27,M35,M43,M51,M59,M67,M75) -> 0 | N11: =SUM(N19,N27,N35,N43,N51,N59,N67,N75) -> 0 | O11: =SUM(O19,O27,O35,O43,O51,O59,O67,O75) -> 0 | P11: =SUM(P19,P27,P35,P43,P51,P59,P67,P75) -> 0 | Q11: =SUM(Q19,Q27,Q35,Q43,Q51,Q59,Q67,Q75) -> 0 | R11: =SUM(J11:Q11) -> 0 | S11: =R11+I11 -> 49.662591 | T11: =(((I11/C11))^(1/5))-1 -> 0.22692226 | U11: =(((S11/I11))^(1/5))-1 -> 0
B12: Non-Alc. Beverages | C12: =SUM(C9:C11) -> 999.42219 | D12: =SUM(D9:D11) -> 1001.6069 | E12: =SUM(E9:E11) -> 1189.7157 | F12: =SUM(F9:F11) -> 1503.2483 | G12: =SUM(G9:G11) -> 1614.9903 | H12: =SUM(H9:H11) -> 1796.5786 | I12: =SUM(I9:I11) -> 1806.4683 | J12: =SUM(J20,J28,J36,J44,J52,J60,J68,J76) -> 0 | K12: =SUM(K20,K28,K36,K44,K52,K60,K68,K76) -> 0 | L12: =SUM(L20,L28,L36,L44,L52,L60,L68,L76) -> 0 | M12: =SUM(M20,M28,M36,M44,M52,M60,M68,M76) -> 0 | N12: =SUM(N20,N28,N36,N44,N52,N60,N68,N76) -> 0 | O12: =SUM(O20,O28,O36,O44,O52,O60,O68,O76) -> 0 | P12: =SUM(P20,P28,P36,P44,P52,P60,P68,P76) -> 0 | Q12: =SUM(Q20,Q28,Q36,Q44,Q52,Q60,Q68,Q76) -> 0 | R12: =SUM(J12:Q12) -> 0 | S12: =R12+I12 -> 1806.4683 | T12: =(((I12/C12))^(1/5))-1 -> 0.12568343 | U12: =(((S12/I12))^(1/5))-1 -> 0
A13: Overall | B13: Result | C13: =SUMIFS(AfO!D:D,AfO!$A:$A,$A$6,AfO!$B:$B,$B13)/1000 -> 1740.6113 | D13: =SUMIFS(AfO!E:E,AfO!$A:$A,$A$6,AfO!$B:$B,$B13)/1000 -> 1789.7402 | E13: =SUMIFS(AfO!F:F,AfO!$A:$A,$A$6,AfO!$B:$B,$B13)/1000 -> 2161.4626 | F13: =SUMIFS(AfO!G:G,AfO!$A:$A,$A$6,AfO!$B:$B,$B13)/1000 -> 2722.0949 | G13: =SUMIFS(AfO!H:H,AfO!$A:$A,$A$6,AfO!$B:$B,$B13)/1000 -> 2872.4323 | H13: =SUMIFS(AfO!I:I,AfO!$A:$A,$A$6,AfO!$B:$B,$B13)/1000 -> 3372.8648 | I13: =SUMIFS(AfO!J:J,AfO!$A:$A,$A$6,AfO!$B:$B,$B13)/1000 -> 3266.363 | J13: =SUM(J21,J29,J37,J45,J53,J61,J69,J77) -> 0 | K13: =SUM(K21,K29,K37,K45,K53,K61,K69,K77) -> 0 | L13: =SUM(L21,L29,L37,L45,L53,L61,L69,L77) -> 0 | M13: =SUM(M21,M29,M37,M45,M53,M61,M69,M77) -> 0 | N13: =SUM(N21,N29,N37,N45,N53,N61,N69,N77) -> 0 | O13: =SUM(O21,O29,O37,O45,O53,O61,O69,O77) -> 0 | P13: =SUM(P21,P29,P37,P45,P53,P61,P69,P77) -> 0 | Q13: =SUM(Q21,Q29,Q37,Q45,Q53,Q61,Q69,Q77) -> 0 | R13: =SUM(J13:Q13) -> 0 | S13: =R13+I13 -> 3266.363 | T13: =(((I13/C13))^(1/5))-1 -> 0.1341553 | U13: =(((S13/I13))^(1/5))-1 -> 0
A14: EUR | B14: Brewery | C14: =SUMIFS(AfO!D:D,AfO!$A:$A,$A$14,AfO!$B:$B,$B14)/1000 -> 97.999654 | D14: =SUMIFS(AfO!E:E,AfO!$A:$A,$A$14,AfO!$B:$B,$B14)/1000 -> 100.43935 | E14: =SUMIFS(AfO!F:F,AfO!$A:$A,$A$14,AfO!$B:$B,$B14)/1000 -> 110.24313 | F14: =SUMIFS(AfO!G:G,AfO!$A:$A,$A$14,AfO!$B:$B,$B14)/1000 -> 122.20181 | G14: =SUMIFS(AfO!H:H,AfO!$A:$A,$A$14,AfO!$B:$B,$B14)/1000 -> 121.60873 | H14: =SUMIFS(AfO!I:I,AfO!$A:$A,$A$14,AfO!$B:$B,$B14)/1000 -> 140.2787 | I14: =SUMIFS(AfO!J:J,AfO!$A:$A,$A$14,AfO!$B:$B,$B14)/1000 -> 150.31435 | R14: =SUM(J14:Q14) -> 0 | S14: =R14+I14 -> 150.31435 | T14: =(((I14/C14))^(1/5))-1 -> 0.089319259 | U14: =(((S14/I14))^(1/5))-1 -> 0
B15: Cider, Wine & Spirit | C15: =SUMIFS(AfO!D:D,AfO!$A:$A,$A$14,AfO!$B:$B,$B15)/1000 -> 52.067942 | D15: =SUMIFS(AfO!E:E,AfO!$A:$A,$A$14,AfO!$B:$B,$B15)/1000 -> 54.05732 | E15: =SUMIFS(AfO!F:F,AfO!$A:$A,$A$14,AfO!$B:$B,$B15)/1000 -> 56.933623 | F15: =SUMIFS(AfO!G:G,AfO!$A:$A,$A$14,AfO!$B:$B,$B15)/1000 -> 68.938936 | G15: =SUMIFS(AfO!H:H,AfO!$A:$A,$A$14,AfO!$B:$B,$B15)/1000 -> 66.889477 | H15: =SUMIFS(AfO!I:I,AfO!$A:$A,$A$14,AfO!$B:$B,$B15)/1000 -> 73.8833 | I15: =SUMIFS(AfO!J:J,AfO!$A:$A,$A$14,AfO!$B:$B,$B15)/1000 -> 67.038592 | R15: =SUM(J15:Q15) -> 0 | S15: =R15+I15 -> 67.038592 | T15: =(((I15/C15))^(1/5))-1 -> 0.051842934 | U15: =(((S15/I15))^(1/5))-1 -> 0
B16: Alc. Beverages | C16: =SUM(C14:C15) -> 150.0676 | D16: =SUM(D14:D15) -> 154.49667 | E16: =SUM(E14:E15) -> 167.17675 | F16: =SUM(F14:F15) -> 191.14074 | G16: =SUM(G14:G15) -> 188.49821 | H16: =SUM(H14:H15) -> 214.162 | I16: =SUM(I14:I15) -> 217.35295 | R16: =SUM(J16:Q16) -> 0 | S16: =R16+I16 -> 217.35295 | T16: =(((I16/C16))^(1/5))-1 -> 0.076900852 | U16: =(((S16/I16))^(1/5))-1 -> 0
B17: Juice & Juice Drink | C17: =SUMIFS(AfO!D:D,AfO!$A:$A,$A$14,AfO!$B:$B,$B17)/1000 -> 261.99452 | D17: =SUMIFS(AfO!E:E,AfO!$A:$A,$A$14,AfO!$B:$B,$B17)/1000 -> 278.46378 | E17: =SUMIFS(AfO!F:F,AfO!$A:$A,$A$14,AfO!$B:$B,$B17)/1000 -> 299.57684 | F17: =SUMIFS(AfO!G:G,AfO!$A:$A,$A$14,AfO!$B:$B,$B17)/1000 -> 365.92302 | G17: =SUMIFS(AfO!H:H,AfO!$A:$A,$A$14,AfO!$B:$B,$B17)/1000 -> 376.34058 | H17: =SUMIFS(AfO!I:I,AfO!$A:$A,$A$14,AfO!$B:$B,$B17)/1000 -> 405.59679 | I17: =SUMIFS(AfO!J:J,AfO!$A:$A,$A$14,AfO!$B:$B,$B17)/1000 -> 429.72051 | R17: =SUM(J17:Q17) -> 0 | S17: =R17+I17 -> 429.72051 | T17: =(((I17/C17))^(1/5))-1 -> 0.10402466 | U17: =(((S17/I17))^(1/5))-1 -> 0
B18: Soft Drink | C18: =SUMIFS(AfO!D:D,AfO!$A:$A,$A$14,AfO!$B:$B,$B18)/1000 -> 343.01031 | D18: =SUMIFS(AfO!E:E,AfO!$A:$A,$A$14,AfO!$B:$B,$B18)/1000 -> 333.31249 | E18: =SUMIFS(AfO!F:F,AfO!$A:$A,$A$14,AfO!$B:$B,$B18)/1000 -> 349.99055 | F18: =SUMIFS(AfO!G:G,AfO!$A:$A,$A$14,AfO!$B:$B,$B18)/1000 -> 390.58592 | G18: =SUMIFS(AfO!H:H,AfO!$A:$A,$A$14,AfO!$B:$B,$B18)/1000 -> 423.03394 | H18: =SUMIFS(AfO!I:I,AfO!$A:$A,$A$14,AfO!$B:$B,$B18)/1000 -> 465.71905 | I18: =SUMIFS(AfO!J:J,AfO!$A:$A,$A$14,AfO!$B:$B,$B18)/1000 -> 469.60336 | R18: =SUM(J18:Q18) -> 0 | S18: =R18+I18 -> 469.60336 | T18: =(((I18/C18))^(1/5))-1 -> 0.064841094 | U18: =(((S18/I18))^(1/5))-1 -> 0
B19: Tea & Coffee | C19: =SUMIFS(AfO!D:D,AfO!$A:$A,$A$14,AfO!$B:$B,$B19)/1000 -> 5.610625 | D19: =SUMIFS(AfO!E:E,AfO!$A:$A,$A$14,AfO!$B:$B,$B19)/1000 -> 6.6683898 | E19: =SUMIFS(AfO!F:F,AfO!$A:$A,$A$14,AfO!$B:$B,$B19)/1000 -> 8.3057916 | F19: =SUMIFS(AfO!G:G,AfO!$A:$A,$A$14,AfO!$B:$B,$B19)/1000 -> 12.354032 | G19: =SUMIFS(AfO!H:H,AfO!$A:$A,$A$14,AfO!$B:$B,$B19)/1000 -> 34.76055 | H19: =SUMIFS(AfO!I:I,AfO!$A:$A,$A$14,AfO!$B:$B,$B19)/1000 -> 21.997327 | I19: =SUMIFS(AfO!J:J,AfO!$A:$A,$A$14,AfO!$B:$B,$B19)/1000 -> 28.611594 | R19: =SUM(J19:Q19) -> 0 | S19: =R19+I19 -> 28.611594 | T19: =(((I19/C19))^(1/5))-1 -> 0.38517984 | U19: =(((S19/I19))^(1/5))-1 -> 0
B20: Non-Alc. Beverages | C20: =SUM(C17:C19) -> 610.61546 | D20: =SUM(D17:D19) -> 618.44466 | E20: =SUM(E17:E19) -> 657.87318 | F20: =SUM(F17:F19) -> 768.86297 | G20: =SUM(G17:G19) -> 834.13507 | H20: =SUM(H17:H19) -> 893.31317 | I20: =SUM(I17:I19) -> 927.93546 | R20: =SUM(J20:Q20) -> 0 | S20: =R20+I20 -> 927.93546 | T20: =(((I20/C20))^(1/5))-1 -> 0.08730152 | U20: =(((S20/I20))^(1/5))-1 -> 0
A21: EUR | B21: Result | C21: =SUMIFS(AfO!D:D,AfO!$A:$A,$A$14,AfO!$B:$B,$B21)/1000 -> 1002.3255 | D21: =SUMIFS(AfO!E:E,AfO!$A:$A,$A$14,AfO!$B:$B,$B21)/1000 -> 1027.1281 | E21: =SUMIFS(AfO!F:F,AfO!$A:$A,$A$14,AfO!$B:$B,$B21)/1000 -> 1132.78 | F21: =SUMIFS(AfO!G:G,AfO!$A:$A,$A$14,AfO!$B:$B,$B21)/1000 -> 1334.6647 | G21: =SUMIFS(AfO!H:H,AfO!$A:$A,$A$14,AfO!$B:$B,$B21)/1000 -> 1427.9009 | H21: =SUMIFS(AfO!I:I,AfO!$A:$A,$A$14,AfO!$B:$B,$B21)/1000 -> 1623.8557 | I21: =SUMIFS(AfO!J:J,AfO!$A:$A,$A$14,AfO!$B:$B,$B21)/1000 -> 1658.2837 | R21: =SUM(J21:Q21) -> 0 | S21: =R21+I21 -> 1658.2837 | T21: =(((I21/C21))^(1/5))-1 -> 0.10593604 | U21: =(((S21/I21))^(1/5))-1 -> 0
A22: CIS | B22: Brewery | C22: =SUMIFS(AfO!D:D,AfO!$A:$A,$A$22,AfO!$B:$B,$B22)/1000 -> 27.557979 | D22: =SUMIFS(AfO!E:E,AfO!$A:$A,$A$22,AfO!$B:$B,$B22)/1000 -> 34.026537 | E22: =SUMIFS(AfO!F:F,AfO!$A:$A,$A$22,AfO!$B:$B,$B22)/1000 -> 40.808168 | F22: =SUMIFS(AfO!G:G,AfO!$A:$A,$A$22,AfO!$B:$B,$B22)/1000 -> 59.492633 | G22: =SUMIFS(AfO!H:H,AfO!$A:$A,$A$22,AfO!$B:$B,$B22)/1000 -> 78.140682 | H22: =SUMIFS(AfO!I:I,AfO!$A:$A,$A$22,AfO!$B:$B,$B22)/1000 -> 83.286073 | I22: =SUMIFS(AfO!J:J,AfO!$A:$A,$A$22,AfO!$B:$B,$B22)/1000 -> 81.515774 | R22: =SUM(J22:Q22) -> 0 | S22: =R22+I22 -> 81.515774 | T22: =(((I22/C22))^(1/5))-1 -> 0.24222098 | U22: =(((S22/I22))^(1/5))-1 -> 0
B23: Cider, Wine & Spirit | C23: =SUMIFS(AfO!D:D,AfO!$A:$A,$A$22,AfO!$B:$B,$B23)/1000 -> 4.9480509 | D23: =SUMIFS(AfO!E:E,AfO!$A:$A,$A$22,AfO!$B:$B,$B23)/1000 -> 4.9606367 | E23: =SUMIFS(AfO!F:F,AfO!$A:$A,$A$22,AfO!$B:$B,$B23)/1000 -> 6.6925095 | F23: =SUMIFS(AfO!G:G,AfO!$A:$A,$A$22,AfO!$B:$B,$B23)/1000 -> 8.8634774 | G23: =SUMIFS(AfO!H:H,AfO!$A:$A,$A$22,AfO!$B:$B,$B23)/1000 -> 10.46572 | H23: =SUMIFS(AfO!I:I,AfO!$A:$A,$A$22,AfO!$B:$B,$B23)/1000 -> 10.913152 | I23: =SUMIFS(AfO!J:J,AfO!$A:$A,$A$22,AfO!$B:$B,$B23)/1000 -> 10.162663 | R23: =SUM(J23:Q23) -> 0 | S23: =R23+I23 -> 10.162663 | T23: =(((I23/C23))^(1/5))-1 -> 0.15482099 | U23: =(((S23/I23))^(1/5))-1 -> 0
B24: Alc. Beverages | C24: =SUM(C22:C23) -> 32.50603 | D24: =SUM(D22:D23) -> 38.987173 | E24: =SUM(E22:E23) -> 47.500677 | F24: =SUM(F22:F23) -> 68.356111 | G24: =SUM(G22:G23) -> 88.606403 | H24: =SUM(H22:H23) -> 94.199225 | I24: =SUM(I22:I23) -> 91.678436 | R24: =SUM(J24:Q24) -> 0 | S24: =R24+I24 -> 91.678436 | T24: =(((I24/C24))^(1/5))-1 -> 0.2304406 | U24: =(((S24/I24))^(1/5))-1 -> 0
B25: Juice & Juice Drink | C25: =SUMIFS(AfO!D:D,AfO!$A:$A,$A$22,AfO!$B:$B,$B25)/1000 -> 24.904139 | D25: =SUMIFS(AfO!E:E,AfO!$A:$A,$A$22,AfO!$B:$B,$B25)/1000 -> 25.904293 | E25: =SUMIFS(AfO!F:F,AfO!$A:$A,$A$22,AfO!$B:$B,$B25)/1000 -> 40.460769 | F25: =SUMIFS(AfO!G:G,AfO!$A:$A,$A$22,AfO!$B:$B,$B25)/1000 -> 47.809997 | G25: =SUMIFS(AfO!H:H,AfO!$A:$A,$A$22,AfO!$B:$B,$B25)/1000 -> 47.678844 | H25: =SUMIFS(AfO!I:I,AfO!$A:$A,$A$22,AfO!$B:$B,$B25)/1000 -> 48.234836 | I25: =SUMIFS(AfO!J:J,AfO!$A:$A,$A$22,AfO!$B:$B,$B25)/1000 -> 49.061505 | R25: =SUM(J25:Q25) -> 0 | S25: =R25+I25 -> 49.061505 | T25: =(((I25/C25))^(1/5))-1 -> 0.14523303 | U25: =(((S25/I25))^(1/5))-1 -> 0
B26: Soft Drink | C26: =SUMIFS(AfO!D:D,AfO!$A:$A,$A$22,AfO!$B:$B,$B26)/1000 -> 50.91124 | D26: =SUMIFS(AfO!E:E,AfO!$A:$A,$A$22,AfO!$B:$B,$B26)/1000 -> 51.96288 | E26: =SUMIFS(AfO!F:F,AfO!$A:$A,$A$22,AfO!$B:$B,$B26)/1000 -> 60.896476 | F26: =SUMIFS(AfO!G:G,AfO!$A:$A,$A$22,AfO!$B:$B,$B26)/1000 -> 88.767684 | G26: =SUMIFS(AfO!H:H,AfO!$A:$A,$A$22,AfO!$B:$B,$B26)/1000 -> 101.15826 | H26: =SUMIFS(AfO!I:I,AfO!$A:$A,$A$22,AfO!$B:$B,$B26)/1000 -> 107.84782 | I26: =SUMIFS(AfO!J:J,AfO!$A:$A,$A$22,AfO!$B:$B,$B26)/1000 -> 111.67105 | R26: =SUM(J26:Q26) -> 0 | S26: =R26+I26 -> 111.67105 | T26: =(((I26/C26))^(1/5))-1 -> 0.17010647 | U26: =(((S26/I26))^(1/5))-1 -> 0
B27: Tea & Coffee | C27: =SUMIFS(AfO!D:D,AfO!$A:$A,$A$22,AfO!$B:$B,$B27)/1000 -> 0.03437503 | D27: =SUMIFS(AfO!E:E,AfO!$A:$A,$A$22,AfO!$B:$B,$B27)/1000 -> 0.00562934 | E27: =SUMIFS(AfO!F:F,AfO!$A:$A,$A$22,AfO!$B:$B,$B27)/1000 -> 0.00759373 | F27: =SUMIFS(AfO!G:G,AfO!$A:$A,$A$22,AfO!$B:$B,$B27)/1000 -> 0.00245045 | G27: =SUMIFS(AfO!H:H,AfO!$A:$A,$A$22,AfO!$B:$B,$B27)/1000 -> 0.00267864 | H27: =SUMIFS(AfO!I:I,AfO!$A:$A,$A$22,AfO!$B:$B,$B27)/1000 -> 0.00279078 | I27: =SUMIFS(AfO!J:J,AfO!$A:$A,$A$22,AfO!$B:$B,$B27)/1000 -> 0.00251298 | R27: =SUM(J27:Q27) -> 0 | S27: =R27+I27 -> 0.00251298 | T27: =(((I27/C27))^(1/5))-1 -> -0.40736242 | U27: =(((S27/I27))^(1/5))-1 -> 0
B28: Non-Alc. Beverages | C28: =SUM(C25:C27) -> 75.849754 | D28: =SUM(D25:D27) -> 77.872802 | E28: =SUM(E25:E27) -> 101.36484 | F28: =SUM(F25:F27) -> 136.58013 | G28: =SUM(G25:G27) -> 148.83979 | H28: =SUM(H25:H27) -> 156.08544 | I28: =SUM(I25:I27) -> 160.73506 | R28: =SUM(J28:Q28) -> 0 | S28: =R28+I28 -> 160.73506 | T28: =(((I28/C28))^(1/5))-1 -> 0.16206732 | U28: =(((S28/I28))^(1/5))-1 -> 0
A29: CIS | B29: Result | C29: =SUMIFS(AfO!D:D,AfO!$A:$A,$A$22,AfO!$B:$B,$B29)/1000 -> 134.48379 | D29: =SUMIFS(AfO!E:E,AfO!$A:$A,$A$22,AfO!$B:$B,$B29)/1000 -> 153.57053 | E29: =SUMIFS(AfO!F:F,AfO!$A:$A,$A$22,AfO!$B:$B,$B29)/1000 -> 190.21406 | F29: =SUMIFS(AfO!G:G,AfO!$A:$A,$A$22,AfO!$B:$B,$B29)/1000 -> 254.85824 | G29: =SUMIFS(AfO!H:H,AfO!$A:$A,$A$22,AfO!$B:$B,$B29)/1000 -> 286.46813 | H29: =SUMIFS(AfO!I:I,AfO!$A:$A,$A$22,AfO!$B:$B,$B29)/1000 -> 303.1095 | I29: =SUMIFS(AfO!J:J,AfO!$A:$A,$A$22,AfO!$B:$B,$B29)/1000 -> 292.76585 | R29: =SUM(J29:Q29) -> 0 | S29: =R29+I29 -> 292.76585 | T29: =(((I29/C29))^(1/5))-1 -> 0.16834229 | U29: =(((S29/I29))^(1/5))-1 -> 0
A30: MEA | B30: Brewery | C30: =SUMIFS(AfO!D:D,AfO!$A:$A,$A$30,AfO!$B:$B,$B30)/1000 -> 10.025434 | D30: =SUMIFS(AfO!E:E,AfO!$A:$A,$A$30,AfO!$B:$B,$B30)/1000 -> 2.4862199 | E30: =SUMIFS(AfO!F:F,AfO!$A:$A,$A$30,AfO!$B:$B,$B30)/1000 -> 9.496856 | F30: =SUMIFS(AfO!G:G,AfO!$A:$A,$A$30,AfO!$B:$B,$B30)/1000 -> 16.853422 | G30: =SUMIFS(AfO!H:H,AfO!$A:$A,$A$30,AfO!$B:$B,$B30)/1000 -> 19.249253 | H30: =SUMIFS(AfO!I:I,AfO!$A:$A,$A$30,AfO!$B:$B,$B30)/1000 -> 20.831869 | I30: =SUMIFS(AfO!J:J,AfO!$A:$A,$A$30,AfO!$B:$B,$B30)/1000 -> 13.086355 | R30: =SUM(J30:Q30) -> 0 | S30: =R30+I30 -> 13.086355 | T30: =(((I30/C30))^(1/5))-1 -> 0.05473439 | U30: =(((S30/I30))^(1/5))-1 -> 0
B31: Cider, Wine & Spirit | C31: =SUMIFS(AfO!D:D,AfO!$A:$A,$A$30,AfO!$B:$B,$B31)/1000 -> 3.9762726 | D31: =SUMIFS(AfO!E:E,AfO!$A:$A,$A$30,AfO!$B:$B,$B31)/1000 -> 4.1155043 | E31: =SUMIFS(AfO!F:F,AfO!$A:$A,$A$30,AfO!$B:$B,$B31)/1000 -> 7.802599 | F31: =SUMIFS(AfO!G:G,AfO!$A:$A,$A$30,AfO!$B:$B,$B31)/1000 -> 9.965696 | G31: =SUMIFS(AfO!H:H,AfO!$A:$A,$A$30,AfO!$B:$B,$B31)/1000 -> 8.1696931 | H31: =SUMIFS(AfO!I:I,AfO!$A:$A,$A$30,AfO!$B:$B,$B31)/1000 -> 9.6389157 | I31: =SUMIFS(AfO!J:J,AfO!$A:$A,$A$30,AfO!$B:$B,$B31)/1000 -> 13.493692 | R31: =SUM(J31:Q31) -> 0 | S31: =R31+I31 -> 13.493692 | T31: =(((I31/C31))^(1/5))-1 -> 0.27682368 | U31: =(((S31/I31))^(1/5))-1 -> 0
B32: Alc. Beverages | C32: =SUM(C30:C31) -> 14.001706 | D32: =SUM(D30:D31) -> 6.6017241 | E32: =SUM(E30:E31) -> 17.299455 | F32: =SUM(F30:F31) -> 26.819118 | G32: =SUM(G30:G31) -> 27.418946 | H32: =SUM(H30:H31) -> 30.470784 | I32: =SUM(I30:I31) -> 26.580047 | R32: =SUM(J32:Q32) -> 0 | S32: =R32+I32 -> 26.580047 | T32: =(((I32/C32))^(1/5))-1 -> 0.13677616 | U32: =(((S32/I32))^(1/5))-1 -> 0
B33: Juice & Juice Drink | C33: =SUMIFS(AfO!D:D,AfO!$A:$A,$A$30,AfO!$B:$B,$B33)/1000 -> 33.644841 | D33: =SUMIFS(AfO!E:E,AfO!$A:$A,$A$30,AfO!$B:$B,$B33)/1000 -> 40.316276 | E33: =SUMIFS(AfO!F:F,AfO!$A:$A,$A$30,AfO!$B:$B,$B33)/1000 -> 47.183211 | F33: =SUMIFS(AfO!G:G,AfO!$A:$A,$A$30,AfO!$B:$B,$B33)/1000 -> 60.248435 | G33: =SUMIFS(AfO!H:H,AfO!$A:$A,$A$30,AfO!$B:$B,$B33)/1000 -> 76.822222 | H33: =SUMIFS(AfO!I:I,AfO!$A:$A,$A$30,AfO!$B:$B,$B33)/1000 -> 86.969503 | I33: =SUMIFS(AfO!J:J,AfO!$A:$A,$A$30,AfO!$B:$B,$B33)/1000 -> 87.657356 | R33: =SUM(J33:Q33) -> 0 | S33: =R33+I33 -> 87.657356 | T33: =(((I33/C33))^(1/5))-1 -> 0.21108319 | U33: =(((S33/I33))^(1/5))-1 -> 0
B34: Soft Drink | C34: =SUMIFS(AfO!D:D,AfO!$A:$A,$A$30,AfO!$B:$B,$B34)/1000 -> 48.869823 | D34: =SUMIFS(AfO!E:E,AfO!$A:$A,$A$30,AfO!$B:$B,$B34)/1000 -> 48.83479 | E34: =SUMIFS(AfO!F:F,AfO!$A:$A,$A$30,AfO!$B:$B,$B34)/1000 -> 79.221321 | F34: =SUMIFS(AfO!G:G,AfO!$A:$A,$A$30,AfO!$B:$B,$B34)/1000 -> 101.80888 | G34: =SUMIFS(AfO!H:H,AfO!$A:$A,$A$30,AfO!$B:$B,$B34)/1000 -> 99.93534 | H34: =SUMIFS(AfO!I:I,AfO!$A:$A,$A$30,AfO!$B:$B,$B34)/1000 -> 126.87121 | I34: =SUMIFS(AfO!J:J,AfO!$A:$A,$A$30,AfO!$B:$B,$B34)/1000 -> 118.89551 | R34: =SUM(J34:Q34) -> 0 | S34: =R34+I34 -> 118.89551 | T34: =(((I34/C34))^(1/5))-1 -> 0.19460667 | U34: =(((S34/I34))^(1/5))-1 -> 0
B35: Tea & Coffee | C35: =SUMIFS(AfO!D:D,AfO!$A:$A,$A$30,AfO!$B:$B,$B35)/1000 -> 0.03578134 | D35: =SUMIFS(AfO!E:E,AfO!$A:$A,$A$30,AfO!$B:$B,$B35)/1000 -> 0.07954173 | E35: =SUMIFS(AfO!F:F,AfO!$A:$A,$A$30,AfO!$B:$B,$B35)/1000 -> 0.12069796 | F35: =SUMIFS(AfO!G:G,AfO!$A:$A,$A$30,AfO!$B:$B,$B35)/1000 -> 0.14608294 | G35: =SUMIFS(AfO!H:H,AfO!$A:$A,$A$30,AfO!$B:$B,$B35)/1000 -> 0.77731622 | H35: =SUMIFS(AfO!I:I,AfO!$A:$A,$A$30,AfO!$B:$B,$B35)/1000 -> 1.4124798 | I35: =SUMIFS(AfO!J:J,AfO!$A:$A,$A$30,AfO!$B:$B,$B35)/1000 -> 3.9496711 | R35: =SUM(J35:Q35) -> 0 | S35: =R35+I35 -> 3.9496711 | T35: =(((I35/C35))^(1/5))-1 -> 1.5620103 | U35: =(((S35/I35))^(1/5))-1 -> 0
B36: Non-Alc. Beverages | C36: =SUM(C33:C35) -> 82.550445 | D36: =SUM(D33:D35) -> 89.230607 | E36: =SUM(E33:E35) -> 126.52523 | F36: =SUM(F33:F35) -> 162.2034 | G36: =SUM(G33:G35) -> 177.53488 | H36: =SUM(H33:H35) -> 215.2532 | I36: =SUM(I33:I35) -> 210.50253 | R36: =SUM(J36:Q36) -> 0 | S36: =R36+I36 -> 210.50253 | T36: =(((I36/C36))^(1/5))-1 -> 0.20588969 | U36: =(((S36/I36))^(1/5))-1 -> 0
A37: MEA | B37: Result | C37: =SUMIFS(AfO!D:D,AfO!$A:$A,$A$30,AfO!$B:$B,$B37)/1000 -> 146.25187 | D37: =SUMIFS(AfO!E:E,AfO!$A:$A,$A$30,AfO!$B:$B,$B37)/1000 -> 160.10378 | E37: =SUMIFS(AfO!F:F,AfO!$A:$A,$A$30,AfO!$B:$B,$B37)/1000 -> 200.5086 | F37: =SUMIFS(AfO!G:G,AfO!$A:$A,$A$30,AfO!$B:$B,$B37)/1000 -> 269.63334 | G37: =SUMIFS(AfO!H:H,AfO!$A:$A,$A$30,AfO!$B:$B,$B37)/1000 -> 288.60083 | H37: =SUMIFS(AfO!I:I,AfO!$A:$A,$A$30,AfO!$B:$B,$B37)/1000 -> 350.2815 | I37: =SUMIFS(AfO!J:J,AfO!$A:$A,$A$30,AfO!$B:$B,$B37)/1000 -> 340.30114 | R37: =SUM(J37:Q37) -> 0 | S37: =R37+I37 -> 340.30114 | T37: =(((I37/C37))^(1/5))-1 -> 0.18400188 | U37: =(((S37/I37))^(1/5))-1 -> 0
A38: TIP | B38: Brewery | C38: =SUMIFS(AfO!D:D,AfO!$A:$A,$A$38,AfO!$B:$B,$B38)/1000 -> 0.11018411 | D38: =SUMIFS(AfO!E:E,AfO!$A:$A,$A$38,AfO!$B:$B,$B38)/1000 -> 0.23603634 | E38: =SUMIFS(AfO!F:F,AfO!$A:$A,$A$38,AfO!$B:$B,$B38)/1000 -> 0.20331586 | F38: =SUMIFS(AfO!G:G,AfO!$A:$A,$A$38,AfO!$B:$B,$B38)/1000 -> 0.24843991 | G38: =SUMIFS(AfO!H:H,AfO!$A:$A,$A$38,AfO!$B:$B,$B38)/1000 -> 0.25705306 | H38: =SUMIFS(AfO!I:I,AfO!$A:$A,$A$38,AfO!$B:$B,$B38)/1000 -> 0.46552909 | I38: =SUMIFS(AfO!J:J,AfO!$A:$A,$A$38,AfO!$B:$B,$B38)/1000 -> 0.27165275 | R38: =SUM(J38:Q38) -> 0 | S38: =R38+I38 -> 0.27165275 | T38: =(((I38/C38))^(1/5))-1 -> 0.19778544 | U38: =(((S38/I38))^(1/5))-1 -> 0
B39: Cider, Wine & Spirit | C39: =SUMIFS(AfO!D:D,AfO!$A:$A,$A$38,AfO!$B:$B,$B39)/1000 -> 1.4041965 | D39: =SUMIFS(AfO!E:E,AfO!$A:$A,$A$38,AfO!$B:$B,$B39)/1000 -> 0.43151864 | E39: =SUMIFS(AfO!F:F,AfO!$A:$A,$A$38,AfO!$B:$B,$B39)/1000 -> 0.84039156 | F39: =SUMIFS(AfO!G:G,AfO!$A:$A,$A$38,AfO!$B:$B,$B39)/1000 -> 1.3543862 | G39: =SUMIFS(AfO!H:H,AfO!$A:$A,$A$38,AfO!$B:$B,$B39)/1000 -> 1.4115636 | H39: =SUMIFS(AfO!I:I,AfO!$A:$A,$A$38,AfO!$B:$B,$B39)/1000 -> 1.5981615 | I39: =SUMIFS(AfO!J:J,AfO!$A:$A,$A$38,AfO!$B:$B,$B39)/1000 -> 1.2010816 | R39: =SUM(J39:Q39) -> 0 | S39: =R39+I39 -> 1.2010816 | T39: =(((I39/C39))^(1/5))-1 -> -0.030765366 | U39: =(((S39/I39))^(1/5))-1 -> 0
B40: Alc. Beverages | C40: =SUM(C38:C39) -> 1.5143806 | D40: =SUM(D38:D39) -> 0.66755498 | E40: =SUM(E38:E39) -> 1.0437074 | F40: =SUM(F38:F39) -> 1.6028261 | G40: =SUM(G38:G39) -> 1.6686167 | H40: =SUM(H38:H39) -> 2.0636906 | I40: =SUM(I38:I39) -> 1.4727343 | R40: =SUM(J40:Q40) -> 0 | S40: =R40+I40 -> 1.4727343 | T40: =(((I40/C40))^(1/5))-1 -> -0.005561626 | U40: =(((S40/I40))^(1/5))-1 -> 0
B41: Juice & Juice Drink | C41: =SUMIFS(AfO!D:D,AfO!$A:$A,$A$38,AfO!$B:$B,$B41)/1000 -> 25.004953 | D41: =SUMIFS(AfO!E:E,AfO!$A:$A,$A$38,AfO!$B:$B,$B41)/1000 -> 29.108342 | E41: =SUMIFS(AfO!F:F,AfO!$A:$A,$A$38,AfO!$B:$B,$B41)/1000 -> 29.574215 | F41: =SUMIFS(AfO!G:G,AfO!$A:$A,$A$38,AfO!$B:$B,$B41)/1000 -> 32.094491 | G41: =SUMIFS(AfO!H:H,AfO!$A:$A,$A$38,AfO!$B:$B,$B41)/1000 -> 36.498247 | H41: =SUMIFS(AfO!I:I,AfO!$A:$A,$A$38,AfO!$B:$B,$B41)/1000 -> 47.849936 | I41: =SUMIFS(AfO!J:J,AfO!$A:$A,$A$38,AfO!$B:$B,$B41)/1000 -> 40.561618 | R41: =SUM(J41:Q41) -> 0 | S41: =R41+I41 -> 40.561618 | T41: =(((I41/C41))^(1/5))-1 -> 0.10158457 | U41: =(((S41/I41))^(1/5))-1 -> 0
B42: Soft Drink | C42: =SUMIFS(AfO!D:D,AfO!$A:$A,$A$38,AfO!$B:$B,$B42)/1000 -> 26.532996 | D42: =SUMIFS(AfO!E:E,AfO!$A:$A,$A$38,AfO!$B:$B,$B42)/1000 -> 31.865885 | E42: =SUMIFS(AfO!F:F,AfO!$A:$A,$A$38,AfO!$B:$B,$B42)/1000 -> 28.456861 | F42: =SUMIFS(AfO!G:G,AfO!$A:$A,$A$38,AfO!$B:$B,$B42)/1000 -> 29.96814 | G42: =SUMIFS(AfO!H:H,AfO!$A:$A,$A$38,AfO!$B:$B,$B42)/1000 -> 32.235475 | H42: =SUMIFS(AfO!I:I,AfO!$A:$A,$A$38,AfO!$B:$B,$B42)/1000 -> 37.480917 | I42: =SUMIFS(AfO!J:J,AfO!$A:$A,$A$38,AfO!$B:$B,$B42)/1000 -> 46.327888 | R42: =SUM(J42:Q42) -> 0 | S42: =R42+I42 -> 46.327888 | T42: =(((I42/C42))^(1/5))-1 -> 0.11792133 | U42: =(((S42/I42))^(1/5))-1 -> 0
B43: Tea & Coffee | C43: =SUMIFS(AfO!D:D,AfO!$A:$A,$A$38,AfO!$B:$B,$B43)/1000 -> 0.07788542 | D43: =SUMIFS(AfO!E:E,AfO!$A:$A,$A$38,AfO!$B:$B,$B43)/1000 -> 0.23414388 | E43: =SUMIFS(AfO!F:F,AfO!$A:$A,$A$38,AfO!$B:$B,$B43)/1000 -> 0.34600675 | F43: =SUMIFS(AfO!G:G,AfO!$A:$A,$A$38,AfO!$B:$B,$B43)/1000 -> 1.058131 | G43: =SUMIFS(AfO!H:H,AfO!$A:$A,$A$38,AfO!$B:$B,$B43)/1000 -> 0.87621529 | H43: =SUMIFS(AfO!I:I,AfO!$A:$A,$A$38,AfO!$B:$B,$B43)/1000 -> 2.0040739 | I43: =SUMIFS(AfO!J:J,AfO!$A:$A,$A$38,AfO!$B:$B,$B43)/1000 -> 0.36750149 | R43: =SUM(J43:Q43) -> 0 | S43: =R43+I43 -> 0.36750149 | T43: =(((I43/C43))^(1/5))-1 -> 0.3638311 | U43: =(((S43/I43))^(1/5))-1 -> 0
B44: Non-Alc. Beverages | C44: =SUM(C41:C43) -> 51.615834 | D44: =SUM(D41:D43) -> 61.208371 | E44: =SUM(E41:E43) -> 58.377083 | F44: =SUM(F41:F43) -> 63.120762 | G44: =SUM(G41:G43) -> 69.609937 | H44: =SUM(H41:H43) -> 87.334928 | I44: =SUM(I41:I43) -> 87.257007 | R44: =SUM(J44:Q44) -> 0 | S44: =R44+I44 -> 87.257007 | T44: =(((I44/C44))^(1/5))-1 -> 0.11071714 | U44: =(((S44/I44))^(1/5))-1 -> 0
A45: TIP | B45: Result | C45: =SUMIFS(AfO!D:D,AfO!$A:$A,$A$38,AfO!$B:$B,$B45)/1000 -> 84.096446 | D45: =SUMIFS(AfO!E:E,AfO!$A:$A,$A$38,AfO!$B:$B,$B45)/1000 -> 84.005274 | E45: =SUMIFS(AfO!F:F,AfO!$A:$A,$A$38,AfO!$B:$B,$B45)/1000 -> 101.00425 | F45: =SUMIFS(AfO!G:G,AfO!$A:$A,$A$38,AfO!$B:$B,$B45)/1000 -> 121.52719 | G45: =SUMIFS(AfO!H:H,AfO!$A:$A,$A$38,AfO!$B:$B,$B45)/1000 -> 123.93952 | H45: =SUMIFS(AfO!I:I,AfO!$A:$A,$A$38,AfO!$B:$B,$B45)/1000 -> 153.06983 | I45: =SUMIFS(AfO!J:J,AfO!$A:$A,$A$38,AfO!$B:$B,$B45)/1000 -> 142.04847 | R45: =SUM(J45:Q45) -> 0 | S45: =R45+I45 -> 142.04847 | T45: =(((I45/C45))^(1/5))-1 -> 0.1105338 | U45: =(((S45/I45))^(1/5))-1 -> 0
A46: WAPAC | B46: Brewery | C46: =SUMIFS(AfO!D:D,AfO!$A:$A,$A$46,AfO!$B:$B,$B46)/1000 -> 3.0674825 | D46: =SUMIFS(AfO!E:E,AfO!$A:$A,$A$46,AfO!$B:$B,$B46)/1000 -> 2.0700579 | E46: =SUMIFS(AfO!F:F,AfO!$A:$A,$A$46,AfO!$B:$B,$B46)/1000 -> 2.8215932 | F46: =SUMIFS(AfO!G:G,AfO!$A:$A,$A$46,AfO!$B:$B,$B46)/1000 -> 4.6605755 | G46: =SUMIFS(AfO!H:H,AfO!$A:$A,$A$46,AfO!$B:$B,$B46)/1000 -> 5.7562777 | H46: =SUMIFS(AfO!I:I,AfO!$A:$A,$A$46,AfO!$B:$B,$B46)/1000 -> 6.6575246 | I46: =SUMIFS(AfO!J:J,AfO!$A:$A,$A$46,AfO!$B:$B,$B46)/1000 -> 4.7939448 | R46: =SUM(J46:Q46) -> 0 | S46: =R46+I46 -> 4.7939448 | T46: =(((I46/C46))^(1/5))-1 -> 0.093407847 | U46: =(((S46/I46))^(1/5))-1 -> 0
B47: Cider, Wine & Spirit | C47: =SUMIFS(AfO!D:D,AfO!$A:$A,$A$46,AfO!$B:$B,$B47)/1000 -> 1.9264683 | D47: =SUMIFS(AfO!E:E,AfO!$A:$A,$A$46,AfO!$B:$B,$B47)/1000 -> 1.5711777 | E47: =SUMIFS(AfO!F:F,AfO!$A:$A,$A$46,AfO!$B:$B,$B47)/1000 -> 1.4360033 | F47: =SUMIFS(AfO!G:G,AfO!$A:$A,$A$46,AfO!$B:$B,$B47)/1000 -> 2.3291846 | G47: =SUMIFS(AfO!H:H,AfO!$A:$A,$A$46,AfO!$B:$B,$B47)/1000 -> 2.097617 | H47: =SUMIFS(AfO!I:I,AfO!$A:$A,$A$46,AfO!$B:$B,$B47)/1000 -> 2.3805446 | I47: =SUMIFS(AfO!J:J,AfO!$A:$A,$A$46,AfO!$B:$B,$B47)/1000 -> 1.6595673 | R47: =SUM(J47:Q47) -> 0 | S47: =R47+I47 -> 1.6595673 | T47: =(((I47/C47))^(1/5))-1 -> -0.029385889 | U47: =(((S47/I47))^(1/5))-1 -> 0
B48: Alc. Beverages | C48: =SUM(C46:C47) -> 4.9939509 | D48: =SUM(D46:D47) -> 3.6412356 | E48: =SUM(E46:E47) -> 4.2575965 | F48: =SUM(F46:F47) -> 6.9897601 | G48: =SUM(G46:G47) -> 7.8538947 | H48: =SUM(H46:H47) -> 9.0380692 | I48: =SUM(I46:I47) -> 6.4535121 | R48: =SUM(J48:Q48) -> 0 | S48: =R48+I48 -> 6.4535121 | T48: =(((I48/C48))^(1/5))-1 -> 0.052616985 | U48: =(((S48/I48))^(1/5))-1 -> 0
B49: Juice & Juice Drink | C49: =SUMIFS(AfO!D:D,AfO!$A:$A,$A$46,AfO!$B:$B,$B49)/1000 -> 15.844065 | D49: =SUMIFS(AfO!E:E,AfO!$A:$A,$A$46,AfO!$B:$B,$B49)/1000 -> 13.384943 | E49: =SUMIFS(AfO!F:F,AfO!$A:$A,$A$46,AfO!$B:$B,$B49)/1000 -> 13.966433 | F49: =SUMIFS(AfO!G:G,AfO!$A:$A,$A$46,AfO!$B:$B,$B49)/1000 -> 36.279283 | G49: =SUMIFS(AfO!H:H,AfO!$A:$A,$A$46,AfO!$B:$B,$B49)/1000 -> 31.799007 | H49: =SUMIFS(AfO!I:I,AfO!$A:$A,$A$46,AfO!$B:$B,$B49)/1000 -> 38.000608 | I49: =SUMIFS(AfO!J:J,AfO!$A:$A,$A$46,AfO!$B:$B,$B49)/1000 -> 42.801425 | R49: =SUM(J49:Q49) -> 0 | S49: =R49+I49 -> 42.801425 | T49: =(((I49/C49))^(1/5))-1 -> 0.2198834 | U49: =(((S49/I49))^(1/5))-1 -> 0
B50: Soft Drink | C50: =SUMIFS(AfO!D:D,AfO!$A:$A,$A$46,AfO!$B:$B,$B50)/1000 -> 13.084951 | D50: =SUMIFS(AfO!E:E,AfO!$A:$A,$A$46,AfO!$B:$B,$B50)/1000 -> 14.14009 | E50: =SUMIFS(AfO!F:F,AfO!$A:$A,$A$46,AfO!$B:$B,$B50)/1000 -> 30.227454 | F50: =SUMIFS(AfO!G:G,AfO!$A:$A,$A$46,AfO!$B:$B,$B50)/1000 -> 26.360613 | G50: =SUMIFS(AfO!H:H,AfO!$A:$A,$A$46,AfO!$B:$B,$B50)/1000 -> 31.472442 | H50: =SUMIFS(AfO!I:I,AfO!$A:$A,$A$46,AfO!$B:$B,$B50)/1000 -> 32.363065 | I50: =SUMIFS(AfO!J:J,AfO!$A:$A,$A$46,AfO!$B:$B,$B50)/1000 -> 38.493321 | R50: =SUM(J50:Q50) -> 0 | S50: =R50+I50 -> 38.493321 | T50: =(((I50/C50))^(1/5))-1 -> 0.24085963 | U50: =(((S50/I50))^(1/5))-1 -> 0
B51: Tea & Coffee | C51: =SUMIFS(AfO!D:D,AfO!$A:$A,$A$46,AfO!$B:$B,$B51)/1000 -> 1.2374089 | D51: =SUMIFS(AfO!E:E,AfO!$A:$A,$A$46,AfO!$B:$B,$B51)/1000 -> 1.4770092 | E51: =SUMIFS(AfO!F:F,AfO!$A:$A,$A$46,AfO!$B:$B,$B51)/1000 -> 1.4141344 | F51: =SUMIFS(AfO!G:G,AfO!$A:$A,$A$46,AfO!$B:$B,$B51)/1000 -> 1.0317823 | G51: =SUMIFS(AfO!H:H,AfO!$A:$A,$A$46,AfO!$B:$B,$B51)/1000 -> 0.99548173 | H51: =SUMIFS(AfO!I:I,AfO!$A:$A,$A$46,AfO!$B:$B,$B51)/1000 -> 0.76939691 | I51: =SUMIFS(AfO!J:J,AfO!$A:$A,$A$46,AfO!$B:$B,$B51)/1000 -> 1.1978387 | R51: =SUM(J51:Q51) -> 0 | S51: =R51+I51 -> 1.1978387 | T51: =(((I51/C51))^(1/5))-1 -> -0.0064790601 | U51: =(((S51/I51))^(1/5))-1 -> 0
B52: Non-Alc. Beverages | C52: =SUM(C49:C51) -> 30.166425 | D52: =SUM(D49:D51) -> 29.002043 | E52: =SUM(E49:E51) -> 45.608022 | F52: =SUM(F49:F51) -> 63.671679 | G52: =SUM(G49:G51) -> 64.26693 | H52: =SUM(H49:H51) -> 71.13307 | I52: =SUM(I49:I51) -> 82.492585 | R52: =SUM(J52:Q52) -> 0 | S52: =R52+I52 -> 82.492585 | T52: =(((I52/C52))^(1/5))-1 -> 0.22286415 | U52: =(((S52/I52))^(1/5))-1 -> 0
A53: WAPAC | B53: Result | C53: =SUMIFS(AfO!D:D,AfO!$A:$A,$A$46,AfO!$B:$B,$B53)/1000 -> 58.188261 | D53: =SUMIFS(AfO!E:E,AfO!$A:$A,$A$46,AfO!$B:$B,$B53)/1000 -> 51.842413 | E53: =SUMIFS(AfO!F:F,AfO!$A:$A,$A$46,AfO!$B:$B,$B53)/1000 -> 72.246149 | F53: =SUMIFS(AfO!G:G,AfO!$A:$A,$A$46,AfO!$B:$B,$B53)/1000 -> 103.72381 | G53: =SUMIFS(AfO!H:H,AfO!$A:$A,$A$46,AfO!$B:$B,$B53)/1000 -> 108.3153 | H53: =SUMIFS(AfO!I:I,AfO!$A:$A,$A$46,AfO!$B:$B,$B53)/1000 -> 127.50088 | I53: =SUMIFS(AfO!J:J,AfO!$A:$A,$A$46,AfO!$B:$B,$B53)/1000 -> 138.02967 | R53: =SUM(J53:Q53) -> 0 | S53: =R53+I53 -> 138.02967 | T53: =(((I53/C53))^(1/5))-1 -> 0.18857725 | U53: =(((S53/I53))^(1/5))-1 -> 0
A54: EAPAC | B54: Brewery | C54: =SUMIFS(AfO!D:D,AfO!$A:$A,$A$54,AfO!$B:$B,$B54)/1000 -> 6.8973889 | D54: =SUMIFS(AfO!E:E,AfO!$A:$A,$A$54,AfO!$B:$B,$B54)/1000 -> 10.274765 | E54: =SUMIFS(AfO!F:F,AfO!$A:$A,$A$54,AfO!$B:$B,$B54)/1000 -> 13.478792 | F54: =SUMIFS(AfO!G:G,AfO!$A:$A,$A$54,AfO!$B:$B,$B54)/1000 -> 15.76007 | G54: =SUMIFS(AfO!H:H,AfO!$A:$A,$A$54,AfO!$B:$B,$B54)/1000 -> 14.469328 | H54: =SUMIFS(AfO!I:I,AfO!$A:$A,$A$54,AfO!$B:$B,$B54)/1000 -> 18.691214 | I54: =SUMIFS(AfO!J:J,AfO!$A:$A,$A$54,AfO!$B:$B,$B54)/1000 -> 12.945265 | R54: =SUM(J54:Q54) -> 0 | S54: =R54+I54 -> 12.945265 | T54: =(((I54/C54))^(1/5))-1 -> 0.13418851 | U54: =(((S54/I54))^(1/5))-1 -> 0
B55: Cider, Wine & Spirit | C55: =SUMIFS(AfO!D:D,AfO!$A:$A,$A$54,AfO!$B:$B,$B55)/1000 -> 1.1552533 | D55: =SUMIFS(AfO!E:E,AfO!$A:$A,$A$54,AfO!$B:$B,$B55)/1000 -> 1.0270247 | E55: =SUMIFS(AfO!F:F,AfO!$A:$A,$A$54,AfO!$B:$B,$B55)/1000 -> 4.1030324 | F55: =SUMIFS(AfO!G:G,AfO!$A:$A,$A$54,AfO!$B:$B,$B55)/1000 -> 4.1359406 | G55: =SUMIFS(AfO!H:H,AfO!$A:$A,$A$54,AfO!$B:$B,$B55)/1000 -> 6.1693941 | H55: =SUMIFS(AfO!I:I,AfO!$A:$A,$A$54,AfO!$B:$B,$B55)/1000 -> 6.3908558 | I55: =SUMIFS(AfO!J:J,AfO!$A:$A,$A$54,AfO!$B:$B,$B55)/1000 -> 5.8370914 | R55: =SUM(J55:Q55) -> 0 | S55: =R55+I55 -> 5.8370914 | T55: =(((I55/C55))^(1/5))-1 -> 0.38262326 | U55: =(((S55/I55))^(1/5))-1 -> 0
B56: Alc. Beverages | C56: =SUM(C54:C55) -> 8.0526422 | D56: =SUM(D54:D55) -> 11.30179 | E56: =SUM(E54:E55) -> 17.581824 | F56: =SUM(F54:F55) -> 19.896011 | G56: =SUM(G54:G55) -> 20.638722 | H56: =SUM(H54:H55) -> 25.08207 | I56: =SUM(I54:I55) -> 18.782356 | R56: =SUM(J56:Q56) -> 0 | S56: =R56+I56 -> 18.782356 | T56: =(((I56/C56))^(1/5))-1 -> 0.18457437 | U56: =(((S56/I56))^(1/5))-1 -> 0
B57: Juice & Juice Drink | C57: =SUMIFS(AfO!D:D,AfO!$A:$A,$A$54,AfO!$B:$B,$B57)/1000 -> 14.695318 | D57: =SUMIFS(AfO!E:E,AfO!$A:$A,$A$54,AfO!$B:$B,$B57)/1000 -> 18.290896 | E57: =SUMIFS(AfO!F:F,AfO!$A:$A,$A$54,AfO!$B:$B,$B57)/1000 -> 22.552102 | F57: =SUMIFS(AfO!G:G,AfO!$A:$A,$A$54,AfO!$B:$B,$B57)/1000 -> 32.683358 | G57: =SUMIFS(AfO!H:H,AfO!$A:$A,$A$54,AfO!$B:$B,$B57)/1000 -> 36.694874 | H57: =SUMIFS(AfO!I:I,AfO!$A:$A,$A$54,AfO!$B:$B,$B57)/1000 -> 37.632672 | I57: =SUMIFS(AfO!J:J,AfO!$A:$A,$A$54,AfO!$B:$B,$B57)/1000 -> 31.646462 | R57: =SUM(J57:Q57) -> 0 | S57: =R57+I57 -> 31.646462 | T57: =(((I57/C57))^(1/5))-1 -> 0.16581392 | U57: =(((S57/I57))^(1/5))-1 -> 0
B58: Soft Drink | C58: =SUMIFS(AfO!D:D,AfO!$A:$A,$A$54,AfO!$B:$B,$B58)/1000 -> 21.248453 | D58: =SUMIFS(AfO!E:E,AfO!$A:$A,$A$54,AfO!$B:$B,$B58)/1000 -> 31.198941 | E58: =SUMIFS(AfO!F:F,AfO!$A:$A,$A$54,AfO!$B:$B,$B58)/1000 -> 50.240964 | F58: =SUMIFS(AfO!G:G,AfO!$A:$A,$A$54,AfO!$B:$B,$B58)/1000 -> 58.794103 | G58: =SUMIFS(AfO!H:H,AfO!$A:$A,$A$54,AfO!$B:$B,$B58)/1000 -> 71.475595 | H58: =SUMIFS(AfO!I:I,AfO!$A:$A,$A$54,AfO!$B:$B,$B58)/1000 -> 73.793575 | I58: =SUMIFS(AfO!J:J,AfO!$A:$A,$A$54,AfO!$B:$B,$B58)/1000 -> 67.656636 | R58: =SUM(J58:Q58) -> 0 | S58: =R58+I58 -> 67.656636 | T58: =(((I58/C58))^(1/5))-1 -> 0.26065606 | U58: =(((S58/I58))^(1/5))-1 -> 0
B59: Tea & Coffee | C59: =SUMIFS(AfO!D:D,AfO!$A:$A,$A$54,AfO!$B:$B,$B59)/1000 -> 0.1252666 | D59: =SUMIFS(AfO!E:E,AfO!$A:$A,$A$54,AfO!$B:$B,$B59)/1000 -> 0.08258548 | E59: =SUMIFS(AfO!F:F,AfO!$A:$A,$A$54,AfO!$B:$B,$B59)/1000 -> 0.50294454 | F59: =SUMIFS(AfO!G:G,AfO!$A:$A,$A$54,AfO!$B:$B,$B59)/1000 -> 0.72648342 | G59: =SUMIFS(AfO!H:H,AfO!$A:$A,$A$54,AfO!$B:$B,$B59)/1000 -> 2.7451564 | H59: =SUMIFS(AfO!I:I,AfO!$A:$A,$A$54,AfO!$B:$B,$B59)/1000 -> 12.087676 | I59: =SUMIFS(AfO!J:J,AfO!$A:$A,$A$54,AfO!$B:$B,$B59)/1000 -> 12.36207 | R59: =SUM(J59:Q59) -> 0 | S59: =R59+I59 -> 12.36207 | T59: =(((I59/C59))^(1/5))-1 -> 1.5052506 | U59: =(((S59/I59))^(1/5))-1 -> 0
B60: Non-Alc. Beverages | C60: =SUM(C57:C59) -> 36.069038 | D60: =SUM(D57:D59) -> 49.572422 | E60: =SUM(E57:E59) -> 73.29601 | F60: =SUM(F57:F59) -> 92.203944 | G60: =SUM(G57:G59) -> 110.91562 | H60: =SUM(H57:H59) -> 123.51392 | I60: =SUM(I57:I59) -> 111.66517 | R60: =SUM(J60:Q60) -> 0 | S60: =R60+I60 -> 111.66517 | T60: =(((I60/C60))^(1/5))-1 -> 0.25359322 | U60: =(((S60/I60))^(1/5))-1 -> 0
A61: EAPAC | B61: Result | C61: =SUMIFS(AfO!D:D,AfO!$A:$A,$A$54,AfO!$B:$B,$B61)/1000 -> 97.753191 | D61: =SUMIFS(AfO!E:E,AfO!$A:$A,$A$54,AfO!$B:$B,$B61)/1000 -> 117.14934 | E61: =SUMIFS(AfO!F:F,AfO!$A:$A,$A$54,AfO!$B:$B,$B61)/1000 -> 160.02137 | F61: =SUMIFS(AfO!G:G,AfO!$A:$A,$A$54,AfO!$B:$B,$B61)/1000 -> 195.3712 | G61: =SUMIFS(AfO!H:H,AfO!$A:$A,$A$54,AfO!$B:$B,$B61)/1000 -> 236.5264 | H61: =SUMIFS(AfO!I:I,AfO!$A:$A,$A$54,AfO!$B:$B,$B61)/1000 -> 280.75432 | I61: =SUMIFS(AfO!J:J,AfO!$A:$A,$A$54,AfO!$B:$B,$B61)/1000 -> 249.13757 | R61: =SUM(J61:Q61) -> 0 | S61: =R61+I61 -> 249.13757 | T61: =(((I61/C61))^(1/5))-1 -> 0.20576218 | U61: =(((S61/I61))^(1/5))-1 -> 0
A62: NA | B62: Brewery | C62: =SUMIFS(AfO!D:D,AfO!$A:$A,$A$62,AfO!$B:$B,$B62)/1000 -> 2.495038 | D62: =SUMIFS(AfO!E:E,AfO!$A:$A,$A$62,AfO!$B:$B,$B62)/1000 -> 13.938684 | E62: =SUMIFS(AfO!F:F,AfO!$A:$A,$A$62,AfO!$B:$B,$B62)/1000 -> 24.266513 | F62: =SUMIFS(AfO!G:G,AfO!$A:$A,$A$62,AfO!$B:$B,$B62)/1000 -> 24.317451 | G62: =SUMIFS(AfO!H:H,AfO!$A:$A,$A$62,AfO!$B:$B,$B62)/1000 -> 9.7101329 | H62: =SUMIFS(AfO!I:I,AfO!$A:$A,$A$62,AfO!$B:$B,$B62)/1000 -> 9.8251195 | I62: =SUMIFS(AfO!J:J,AfO!$A:$A,$A$62,AfO!$B:$B,$B62)/1000 -> 7.2285689 | R62: =SUM(J62:Q62) -> 0 | S62: =R62+I62 -> 7.2285689 | T62: =(((I62/C62))^(1/5))-1 -> 0.23707215 | U62: =(((S62/I62))^(1/5))-1 -> 0
B63: Cider, Wine & Spirit | C63: =SUMIFS(AfO!D:D,AfO!$A:$A,$A$62,AfO!$B:$B,$B63)/1000 -> 0.150882 | D63: =SUMIFS(AfO!E:E,AfO!$A:$A,$A$62,AfO!$B:$B,$B63)/1000 -> 0.29659476 | E63: =SUMIFS(AfO!F:F,AfO!$A:$A,$A$62,AfO!$B:$B,$B63)/1000 -> 2.0477227 | F63: =SUMIFS(AfO!G:G,AfO!$A:$A,$A$62,AfO!$B:$B,$B63)/1000 -> 2.3020987 | G63: =SUMIFS(AfO!H:H,AfO!$A:$A,$A$62,AfO!$B:$B,$B63)/1000 -> 0.8473424 | H63: =SUMIFS(AfO!I:I,AfO!$A:$A,$A$62,AfO!$B:$B,$B63)/1000 -> 2.2401385 | I63: =SUMIFS(AfO!J:J,AfO!$A:$A,$A$62,AfO!$B:$B,$B63)/1000 -> 1.2408739 | R63: =SUM(J63:Q63) -> 0 | S63: =R63+I63 -> 1.2408739 | T63: =(((I63/C63))^(1/5))-1 -> 0.52411608 | U63: =(((S63/I63))^(1/5))-1 -> 0
B64: Alc. Beverages | C64: =SUM(C62:C63) -> 2.64592 | D64: =SUM(D62:D63) -> 14.235278 | E64: =SUM(E62:E63) -> 26.314235 | F64: =SUM(F62:F63) -> 26.61955 | G64: =SUM(G62:G63) -> 10.557475 | H64: =SUM(H62:H63) -> 12.065258 | I64: =SUM(I62:I63) -> 8.4694428 | R64: =SUM(J64:Q64) -> 0 | S64: =R64+I64 -> 8.4694428 | T64: =(((I64/C64))^(1/5))-1 -> 0.26198916 | U64: =(((S64/I64))^(1/5))-1 -> 0
B65: Juice & Juice Drink | C65: =SUMIFS(AfO!D:D,AfO!$A:$A,$A$62,AfO!$B:$B,$B65)/1000 -> 56.809039 | D65: =SUMIFS(AfO!E:E,AfO!$A:$A,$A$62,AfO!$B:$B,$B65)/1000 -> 35.616016 | E65: =SUMIFS(AfO!F:F,AfO!$A:$A,$A$62,AfO!$B:$B,$B65)/1000 -> 51.734282 | F65: =SUMIFS(AfO!G:G,AfO!$A:$A,$A$62,AfO!$B:$B,$B65)/1000 -> 102.22304 | G65: =SUMIFS(AfO!H:H,AfO!$A:$A,$A$62,AfO!$B:$B,$B65)/1000 -> 132.48451 | H65: =SUMIFS(AfO!I:I,AfO!$A:$A,$A$62,AfO!$B:$B,$B65)/1000 -> 152.40068 | I65: =SUMIFS(AfO!J:J,AfO!$A:$A,$A$62,AfO!$B:$B,$B65)/1000 -> 150.14698 | R65: =SUM(J65:Q65) -> 0 | S65: =R65+I65 -> 150.14698 | T65: =(((I65/C65))^(1/5))-1 -> 0.2145624 | U65: =(((S65/I65))^(1/5))-1 -> 0
B66: Soft Drink | C66: =SUMIFS(AfO!D:D,AfO!$A:$A,$A$62,AfO!$B:$B,$B66)/1000 -> 16.5786 | D66: =SUMIFS(AfO!E:E,AfO!$A:$A,$A$62,AfO!$B:$B,$B66)/1000 -> 17.238389 | E66: =SUMIFS(AfO!F:F,AfO!$A:$A,$A$62,AfO!$B:$B,$B66)/1000 -> 31.174477 | F66: =SUMIFS(AfO!G:G,AfO!$A:$A,$A$62,AfO!$B:$B,$B66)/1000 -> 57.359295 | G66: =SUMIFS(AfO!H:H,AfO!$A:$A,$A$62,AfO!$B:$B,$B66)/1000 -> 46.510228 | H66: =SUMIFS(AfO!I:I,AfO!$A:$A,$A$62,AfO!$B:$B,$B66)/1000 -> 52.028696 | I66: =SUMIFS(AfO!J:J,AfO!$A:$A,$A$62,AfO!$B:$B,$B66)/1000 -> 39.786423 | R66: =SUM(J66:Q66) -> 0 | S66: =R66+I66 -> 39.786423 | T66: =(((I66/C66))^(1/5))-1 -> 0.19134462 | U66: =(((S66/I66))^(1/5))-1 -> 0
B67: Tea & Coffee | C67: =SUMIFS(AfO!D:D,AfO!$A:$A,$A$62,AfO!$B:$B,$B67)/1000 -> 10.702459 | D67: =SUMIFS(AfO!E:E,AfO!$A:$A,$A$62,AfO!$B:$B,$B67)/1000 -> 5.2922683 | E67: =SUMIFS(AfO!F:F,AfO!$A:$A,$A$62,AfO!$B:$B,$B67)/1000 -> 15.315605 | F67: =SUMIFS(AfO!G:G,AfO!$A:$A,$A$62,AfO!$B:$B,$B67)/1000 -> 4.0567264 | G67: =SUMIFS(AfO!H:H,AfO!$A:$A,$A$62,AfO!$B:$B,$B67)/1000 -> 3.1592459 | H67: =SUMIFS(AfO!I:I,AfO!$A:$A,$A$62,AfO!$B:$B,$B67)/1000 -> 5.4551881 | I67: =SUMIFS(AfO!J:J,AfO!$A:$A,$A$62,AfO!$B:$B,$B67)/1000 -> 3.122851 | R67: =SUM(J67:Q67) -> 0 | S67: =R67+I67 -> 3.122851 | T67: =(((I67/C67))^(1/5))-1 -> -0.21834783 | U67: =(((S67/I67))^(1/5))-1 -> 0
B68: Non-Alc. Beverages | C68: =SUM(C65:C67) -> 84.090099 | D68: =SUM(D65:D67) -> 58.146673 | E68: =SUM(E65:E67) -> 98.224365 | F68: =SUM(F65:F67) -> 163.63906 | G68: =SUM(G65:G67) -> 182.15399 | H68: =SUM(H65:H67) -> 209.88457 | I68: =SUM(I65:I67) -> 193.05626 | R68: =SUM(J68:Q68) -> 0 | S68: =R68+I68 -> 193.05626 | T68: =(((I68/C68))^(1/5))-1 -> 0.18083116 | U68: =(((S68/I68))^(1/5))-1 -> 0
A69: NA | B69: Result | C69: =SUMIFS(AfO!D:D,AfO!$A:$A,$A$62,AfO!$B:$B,$B69)/1000 -> 125.61136 | D69: =SUMIFS(AfO!E:E,AfO!$A:$A,$A$62,AfO!$B:$B,$B69)/1000 -> 123.63279 | E69: =SUMIFS(AfO!F:F,AfO!$A:$A,$A$62,AfO!$B:$B,$B69)/1000 -> 219.53569 | F69: =SUMIFS(AfO!G:G,AfO!$A:$A,$A$62,AfO!$B:$B,$B69)/1000 -> 319.75327 | G69: =SUMIFS(AfO!H:H,AfO!$A:$A,$A$62,AfO!$B:$B,$B69)/1000 -> 300.7961 | H69: =SUMIFS(AfO!I:I,AfO!$A:$A,$A$62,AfO!$B:$B,$B69)/1000 -> 410.89426 | I69: =SUMIFS(AfO!J:J,AfO!$A:$A,$A$62,AfO!$B:$B,$B69)/1000 -> 340.49567 | R69: =SUM(J69:Q69) -> 0 | S69: =R69+I69 -> 340.49567 | T69: =(((I69/C69))^(1/5))-1 -> 0.22072133 | U69: =(((S69/I69))^(1/5))-1 -> 0
A70: SA | B70: Brewery | C70: =SUMIFS(AfO!D:D,AfO!$A:$A,$A$70,AfO!$B:$B,$B70)/1000 -> 17.597071 | D70: =SUMIFS(AfO!E:E,AfO!$A:$A,$A$70,AfO!$B:$B,$B70)/1000 -> 18.486129 | E70: =SUMIFS(AfO!F:F,AfO!$A:$A,$A$70,AfO!$B:$B,$B70)/1000 -> 25.590261 | F70: =SUMIFS(AfO!G:G,AfO!$A:$A,$A$70,AfO!$B:$B,$B70)/1000 -> 32.501496 | G70: =SUMIFS(AfO!H:H,AfO!$A:$A,$A$70,AfO!$B:$B,$B70)/1000 -> 31.80295 | H70: =SUMIFS(AfO!I:I,AfO!$A:$A,$A$70,AfO!$B:$B,$B70)/1000 -> 35.669662 | I70: =SUMIFS(AfO!J:J,AfO!$A:$A,$A$70,AfO!$B:$B,$B70)/1000 -> 35.565337 | R70: =SUM(J70:Q70) -> 0 | S70: =R70+I70 -> 35.565337 | T70: =(((I70/C70))^(1/5))-1 -> 0.15111128 | U70: =(((S70/I70))^(1/5))-1 -> 0
B71: Cider, Wine & Spirit | C71: =SUMIFS(AfO!D:D,AfO!$A:$A,$A$70,AfO!$B:$B,$B71)/1000 -> 0.95192429 | D71: =SUMIFS(AfO!E:E,AfO!$A:$A,$A$70,AfO!$B:$B,$B71)/1000 -> 0.76651572 | E71: =SUMIFS(AfO!F:F,AfO!$A:$A,$A$70,AfO!$B:$B,$B71)/1000 -> 0.60980311 | F71: =SUMIFS(AfO!G:G,AfO!$A:$A,$A$70,AfO!$B:$B,$B71)/1000 -> 0.74722374 | G71: =SUMIFS(AfO!H:H,AfO!$A:$A,$A$70,AfO!$B:$B,$B71)/1000 -> 1.5760068 | H71: =SUMIFS(AfO!I:I,AfO!$A:$A,$A$70,AfO!$B:$B,$B71)/1000 -> 1.1846568 | I71: =SUMIFS(AfO!J:J,AfO!$A:$A,$A$70,AfO!$B:$B,$B71)/1000 -> 0.65054576 | R71: =SUM(J71:Q71) -> 0 | S71: =R71+I71 -> 0.65054576 | T71: =(((I71/C71))^(1/5))-1 -> -0.073308694 | U71: =(((S71/I71))^(1/5))-1 -> 0
B72: Alc. Beverages | C72: =SUM(C70:C71) -> 18.548995 | D72: =SUM(D70:D71) -> 19.252645 | E72: =SUM(E70:E71) -> 26.200064 | F72: =SUM(F70:F71) -> 33.24872 | G72: =SUM(G70:G71) -> 33.378957 | H72: =SUM(H70:H71) -> 36.854319 | I72: =SUM(I70:I71) -> 36.215882 | R72: =SUM(J72:Q72) -> 0 | S72: =R72+I72 -> 36.215882 | T72: =(((I72/C72))^(1/5))-1 -> 0.14318295 | U72: =(((S72/I72))^(1/5))-1 -> 0
B73: Juice & Juice Drink | C73: =SUMIFS(AfO!D:D,AfO!$A:$A,$A$70,AfO!$B:$B,$B73)/1000 -> 15.615907 | D73: =SUMIFS(AfO!E:E,AfO!$A:$A,$A$70,AfO!$B:$B,$B73)/1000 -> 9.4776454 | E73: =SUMIFS(AfO!F:F,AfO!$A:$A,$A$70,AfO!$B:$B,$B73)/1000 -> 19.131344 | F73: =SUMIFS(AfO!G:G,AfO!$A:$A,$A$70,AfO!$B:$B,$B73)/1000 -> 41.261268 | G73: =SUMIFS(AfO!H:H,AfO!$A:$A,$A$70,AfO!$B:$B,$B73)/1000 -> 14.66742 | H73: =SUMIFS(AfO!I:I,AfO!$A:$A,$A$70,AfO!$B:$B,$B73)/1000 -> 22.318272 | I73: =SUMIFS(AfO!J:J,AfO!$A:$A,$A$70,AfO!$B:$B,$B73)/1000 -> 20.406619 | R73: =SUM(J73:Q73) -> 0 | S73: =R73+I73 -> 20.406619 | T73: =(((I73/C73))^(1/5))-1 -> 0.054971602 | U73: =(((S73/I73))^(1/5))-1 -> 0
B74: Soft Drink | C74: =SUMIFS(AfO!D:D,AfO!$A:$A,$A$70,AfO!$B:$B,$B74)/1000 -> 12.810455 | D74: =SUMIFS(AfO!E:E,AfO!$A:$A,$A$70,AfO!$B:$B,$B74)/1000 -> 8.6216046 | E74: =SUMIFS(AfO!F:F,AfO!$A:$A,$A$70,AfO!$B:$B,$B74)/1000 -> 9.2807767 | F74: =SUMIFS(AfO!G:G,AfO!$A:$A,$A$70,AfO!$B:$B,$B74)/1000 -> 11.631051 | G74: =SUMIFS(AfO!H:H,AfO!$A:$A,$A$70,AfO!$B:$B,$B74)/1000 -> 12.816325 | H74: =SUMIFS(AfO!I:I,AfO!$A:$A,$A$70,AfO!$B:$B,$B74)/1000 -> 17.624341 | I74: =SUMIFS(AfO!J:J,AfO!$A:$A,$A$70,AfO!$B:$B,$B74)/1000 -> 12.369089 | R74: =SUM(J74:Q74) -> 0 | S74: =R74+I74 -> 12.369089 | T74: =(((I74/C74))^(1/5))-1 -> -0.0069876812 | U74: =(((S74/I74))^(1/5))-1 -> 0
B75: Tea & Coffee | C75: =SUMIFS(AfO!D:D,AfO!$A:$A,$A$70,AfO!$B:$B,$B75)/1000 -> 0.0387768 | D75: =SUMIFS(AfO!E:E,AfO!$A:$A,$A$70,AfO!$B:$B,$B75)/1000 -> 0.03007941 | E75: =SUMIFS(AfO!F:F,AfO!$A:$A,$A$70,AfO!$B:$B,$B75)/1000 -> 0.03479885 | F75: =SUMIFS(AfO!G:G,AfO!$A:$A,$A$70,AfO!$B:$B,$B75)/1000 -> 0.07403521 | G75: =SUMIFS(AfO!H:H,AfO!$A:$A,$A$70,AfO!$B:$B,$B75)/1000 -> 0.05033619 | H75: =SUMIFS(AfO!I:I,AfO!$A:$A,$A$70,AfO!$B:$B,$B75)/1000 -> 0.11766834 | I75: =SUMIFS(AfO!J:J,AfO!$A:$A,$A$70,AfO!$B:$B,$B75)/1000 -> 0.048551352 | R75: =SUM(J75:Q75) -> 0 | S75: =R75+I75 -> 0.048551352 | T75: =(((I75/C75))^(1/5))-1 -> 0.045986 | U75: =(((S75/I75))^(1/5))-1 -> 0
B76: Non-Alc. Beverages | C76: =SUM(C73:C75) -> 28.465138 | D76: =SUM(D73:D75) -> 18.129329 | E76: =SUM(E73:E75) -> 28.44692 | F76: =SUM(F73:F75) -> 52.966354 | G76: =SUM(G73:G75) -> 27.534082 | H76: =SUM(H73:H75) -> 40.060282 | I76: =SUM(I73:I75) -> 32.82426 | R76: =SUM(J76:Q76) -> 0 | S76: =R76+I76 -> 32.82426 | T76: =(((I76/C76))^(1/5))-1 -> 0.028907489 | U76: =(((S76/I76))^(1/5))-1 -> 0
A77: SA | B77: Result | C77: =SUMIFS(AfO!D:D,AfO!$A:$A,$A$70,AfO!$B:$B,$B77)/1000 -> 91.900906 | D77: =SUMIFS(AfO!E:E,AfO!$A:$A,$A$70,AfO!$B:$B,$B77)/1000 -> 72.307948 | E77: =SUMIFS(AfO!F:F,AfO!$A:$A,$A$70,AfO!$B:$B,$B77)/1000 -> 85.152506 | F77: =SUMIFS(AfO!G:G,AfO!$A:$A,$A$70,AfO!$B:$B,$B77)/1000 -> 122.5631 | G77: =SUMIFS(AfO!H:H,AfO!$A:$A,$A$70,AfO!$B:$B,$B77)/1000 -> 99.88517 | H77: =SUMIFS(AfO!I:I,AfO!$A:$A,$A$70,AfO!$B:$B,$B77)/1000 -> 123.39882 | I77: =SUMIFS(AfO!J:J,AfO!$A:$A,$A$70,AfO!$B:$B,$B77)/1000 -> 105.30092 | R77: =SUM(J77:Q77) -> 0 | S77: =R77+I77 -> 105.30092 | T77: =(((I77/C77))^(1/5))-1 -> 0.027596168 | U77: =(((S77/I77))^(1/5))-1 -> 0

Sheet 1 - X5 Template Print Out
J2: X5 Targets
A3: Gross Sales ['mio. €] | J3: B2C Applications Beverage
A4: Region | B4: Market Segments L2 | C4: FY 2019 | D4: FY 2020 | E4: FY 2021 | F4: FY 2022 | G4: FY 2023 | H4: BUD 2024 | I4: RunRate 2024 | J4: Beer & Malt Bev. | K4: Cider, Wine, Spirits | L4: Instant & Dry Bev. | M4: Juices & Juice Drnks | N4: Soft Drinks & Waters | O4: Sports,Ener,FuncDrnk | P4: Syrups | Q4: Tea & Coffee Drinks | R4: X5 Growth | S4: FY 2029 (est.) | T4: CAGR '19 - '24 | U4: CAGR '24 - '29
C5: *mio. € | D5: *mio. € | E5: *mio. € | F5: *mio. € | G5: *mio. € | H5: *mio. € | I5: *mio. € | J5: *mio. € | K5: *mio. € | L5: *mio. € | M5: *mio. € | N5: *mio. € | O5: *mio. € | P5: *mio. € | Q5: *mio. € | R5: *mio. € | S5: *mio. € | T5: % | U5: %
A6: Group | B6: Brewery | C6: =SUMIFS(AfO!D:D,AfO!$A:$A,$A$6,AfO!$B:$B,$B6)/1000 -> 165.75023 | D6: =SUMIFS(AfO!E:E,AfO!$A:$A,$A$6,AfO!$B:$B,$B6)/1000 -> 181.95778 | E6: =SUMIFS(AfO!F:F,AfO!$A:$A,$A$6,AfO!$B:$B,$B6)/1000 -> 226.90863 | F6: =SUMIFS(AfO!G:G,AfO!$A:$A,$A$6,AfO!$B:$B,$B6)/1000 -> 276.0359 | G6: =SUMIFS(AfO!H:H,AfO!$A:$A,$A$6,AfO!$B:$B,$B6)/1000 -> 280.99441 | H6: =SUMIFS(AfO!I:I,AfO!$A:$A,$A$6,AfO!$B:$B,$B6)/1000 -> 315.70569 | I6: =SUMIFS(AfO!J:J,AfO!$A:$A,$A$6,AfO!$B:$B,$B6)/1000 -> 305.72125 | J6: 75 | K6: 55 | L6: 5 | M6: 15 | N6: 5 | O6: 35 | P6: 3 | Q6: 3 | R6: =SUM(J6:Q6) -> 196 | S6: =R6+I6 -> 501.72125 | T6: =(((I6/C6))^(1/5))-1 -> 0.13024943 | U6: =(((S6/I6))^(1/5))-1 -> 0.10414821
B7: Cider, Wine & Spirit | C7: =SUMIFS(AfO!D:D,AfO!$A:$A,$A$6,AfO!$B:$B,$B7)/1000 -> 66.58099 | D7: =SUMIFS(AfO!E:E,AfO!$A:$A,$A$6,AfO!$B:$B,$B7)/1000 -> 67.226292 | E7: =SUMIFS(AfO!F:F,AfO!$A:$A,$A$6,AfO!$B:$B,$B7)/1000 -> 80.465685 | F7: =SUMIFS(AfO!G:G,AfO!$A:$A,$A$6,AfO!$B:$B,$B7)/1000 -> 98.636943 | G7: =SUMIFS(AfO!H:H,AfO!$A:$A,$A$6,AfO!$B:$B,$B7)/1000 -> 97.626815 | H7: =SUMIFS(AfO!I:I,AfO!$A:$A,$A$6,AfO!$B:$B,$B7)/1000 -> 108.22972 | I7: =SUMIFS(AfO!J:J,AfO!$A:$A,$A$6,AfO!$B:$B,$B7)/1000 -> 101.28411 | J7: 5 | K7: 47 | L7: -0.00997653 | M7: 5 | N7: 2 | O7: 5 | P7: 3 | Q7: 3 | R7: =SUM(J7:Q7) -> 69.990023 | S7: =R7+I7 -> 171.27413 | T7: =(((I7/C7))^(1/5))-1 -> 0.087522398 | U7: =(((S7/I7))^(1/5))-1 -> 0.11078522
B8: Alc. Beverages | C8: =SUM(C6:C7) -> 232.33122 | D8: =SUM(D6:D7) -> 249.18407 | E8: =SUM(E6:E7) -> 307.37431 | F8: =SUM(F6:F7) -> 374.67284 | G8: =SUM(G6:G7) -> 378.62123 | H8: =SUM(H6:H7) -> 423.93541 | I8: =SUM(I6:I7) -> 407.00536 | J8: =SUM(J6:J7) -> 80 | ... Q8: =SUM(Q6:Q7) -> 6 | R8: =SUM(J8:Q8) -> 265.99002 | S8: =R8+I8 -> 672.99538 | T8: =(((I8/C8))^(1/5))-1 -> 0.11866103 | U8: =(((S8/I8))^(1/5))-1 -> 0.10581478
B9: Juice & Juice Drink | C9: =SUMIFS(AfO!D:D,AfO!$A:$A,$A$6,AfO!$B:$B,$B9)/1000 -> 448.51278 | D9: =SUMIFS(AfO!E:E,AfO!$A:$A,$A$6,AfO!$B:$B,$B9)/1000 -> 450.56219 | E9: =SUMIFS(AfO!F:F,AfO!$A:$A,$A$6,AfO!$B:$B,$B9)/1000 -> 524.17919 | F9: =SUMIFS(AfO!G:G,AfO!$A:$A,$A$6,AfO!$B:$B,$B9)/1000 -> 718.52288 | G9: =SUMIFS(AfO!H:H,AfO!$A:$A,$A$6,AfO!$B:$B,$B9)/1000 -> 752.9857 | H9: =SUMIFS(AfO!I:I,AfO!$A:$A,$A$6,AfO!$B:$B,$B9)/1000 -> 839.00331 | I9: =SUMIFS(AfO!J:J,AfO!$A:$A,$A$6,AfO!$B:$B,$B9)/1000 -> 852.00248 | J9: 0 | K9: 4.4299278 | L9: 11.004806 | M9: 130.26788 | N9: 47.250378 | O9: 27.748372 | P9: 15.902551 | Q9: 2 | R9: =SUM(J9:Q9) -> 238.60391 | S9: =R9+I9 -> 1090.6064 | T9: =(((I9/C9))^(1/5))-1 -> 0.13692864 | U9: =(((S9/I9))^(1/5))-1 -> 0.050619449
B10: Soft Drink | C10: =SUMIFS(AfO!D:D,AfO!$A:$A,$A$6,AfO!$B:$B,$B10)/1000 -> 533.04683 | D10: =SUMIFS(AfO!E:E,AfO!$A:$A,$A$6,AfO!$B:$B,$B10)/1000 -> 537.17507 | E10: =SUMIFS(AfO!F:F,AfO!$A:$A,$A$6,AfO!$B:$B,$B10)/1000 -> 639.48888 | F10: =SUMIFS(AfO!G:G,AfO!$A:$A,$A$6,AfO!$B:$B,$B10)/1000 -> 765.27568 | G10: =SUMIFS(AfO!H:H,AfO!$A:$A,$A$6,AfO!$B:$B,$B10)/1000 -> 818.63761 | H10: =SUMIFS(AfO!I:I,AfO!$A:$A,$A$6,AfO!$B:$B,$B10)/1000 -> 913.72867 | I10: =SUMIFS(AfO!J:J,AfO!$A:$A,$A$6,AfO!$B:$B,$B10)/1000 -> 904.80327 | J10: 0 | K10: 8.4203921 | L10: 6.1562218 | M10: 0 | N10: 220 | O10: 139.80983 | P10: 10.510406 | Q10: 5.8121645 | R10: =SUM(J10:Q10) -> 390.70901 | S10: =R10+I10 -> 1295.5123 | T10: =(((I10/C10))^(1/5))-1 -> 0.1116236 | U10: =(((S10/I10))^(1/5))-1 -> 0.074428389
B11: Tea & Coffee | C11: =SUMIFS(AfO!D:D,AfO!$A:$A,$A$6,AfO!$B:$B,$B11)/1000 -> 17.862578 | D11: =SUMIFS(AfO!E:E,AfO!$A:$A,$A$6,AfO!$B:$B,$B11)/1000 -> 13.869647 | E11: =SUMIFS(AfO!F:F,AfO!$A:$A,$A$6,AfO!$B:$B,$B11)/1000 -> 26.047573 | F11: =SUMIFS(AfO!G:G,AfO!$A:$A,$A$6,AfO!$B:$B,$B11)/1000 -> 19.449724 | G11: =SUMIFS(AfO!H:H,AfO!$A:$A,$A$6,AfO!$B:$B,$B11)/1000 -> 43.366981 | H11: =SUMIFS(AfO!I:I,AfO!$A:$A,$A$6,AfO!$B:$B,$B11)/1000 -> 43.8466 | I11: =SUMIFS(AfO!J:J,AfO!$A:$A,$A$6,AfO!$B:$B,$B11)/1000 -> 49.662591 | J11: 0 | K11: 3.6781622 | L11: 0 | M11: 0.1267017 | N11: 3.2551118 | O11: 0.96742954 | P11: 0 | Q11: 50 | R11: =SUM(J11:Q11) -> 58.027405 | S11: =R11+I11 -> 107.69 | T11: =(((I11/C11))^(1/5))-1 -> 0.22692226 | U11: =(((S11/I11))^(1/5))-1 -> 0.16742556
B12: Non-Alc. Beverages | C12: =SUM(C9:C11) -> 999.42219 | D12: =SUM(D9:D11) -> 1001.6069 | E12: =SUM(E9:E11) -> 1189.7157 | F12: =SUM(F9:F11) -> 1503.2483 | G12: =SUM(G9:G11) -> 1614.9903 | H12: =SUM(H9:H11) -> 1796.5786 | I12: =SUM(I9:I11) -> 1806.4683 | J12: =SUM(J9:J11) -> 0 | ... Q12: =SUM(Q9:Q11) -> 57.812164 | R12: =SUM(J12:Q12) -> 687.34033 | S12: =R12+I12 -> 2493.8087 | T12: =(((I12/C12))^(1/5))-1 -> 0.12568343 | U12: =(((S12/I12))^(1/5))-1 -> 0.066612221
A13: Overall | B13: Result | C13: =SUMIFS(AfO!D:D,AfO!$A:$A,$A$6,AfO!$B:$B,$B13)/1000 -> 1740.6113 | D13: =SUMIFS(AfO!E:E,AfO!$A:$A,$A$6,AfO!$B:$B,$B13)/1000 -> 1789.7402 | E13: =SUMIFS(AfO!F:F,AfO!$A:$A,$A$6,AfO!$B:$B,$B13)/1000 -> 2161.4626 | F13: =SUMIFS(AfO!G:G,AfO!$A:$A,$A$6,AfO!$B:$B,$B13)/1000 -> 2722.0949 | G13: =SUMIFS(AfO!H:H,AfO!$A:$A,$A$6,AfO!$B:$B,$B13)/1000 -> 2872.4323 | H13: =SUMIFS(AfO!I:I,AfO!$A:$A,$A$6,AfO!$B:$B,$B13)/1000 -> 3372.8648 | I13: =SUMIFS(AfO!J:J,AfO!$A:$A,$A$6,AfO!$B:$B,$B13)/1000 -> 3266.363 | J13: =SUM(J12,J8) -> 80 | K13: =SUM(K12,K8) -> 118.52848 | L13: =SUM(L12,L8) -> 22.151051 | M13: =SUM(M12,M8) -> 150.39458 | N13: =SUM(N12,N8) -> 277.50549 | O13: =SUM(O12,O8) -> 208.52563 | P13: =SUM(P12,P8) -> 32.412957 | Q13: =SUM(Q12,Q8) -> 63.812164 | R13: =SUM(J13:Q13) -> 953.33036 | S13: =R13+I13 -> 4219.6934 | T13: =(((I13/C13))^(1/5))-1 -> 0.1341553 | U13: =(((S13/I13))^(1/5))-1 -> 0.052551341
A14: EUR | B14: Brewery | C14: =SUMIFS(AfO!D:D,AfO!$A:$A,$A$14,AfO!$B:$B,$B14)/1000 -> 97.999654 | D14: =SUMIFS(AfO!E:E,AfO!$A:$A,$A$14,AfO!$B:$B,$B14)/1000 -> 100.43935 | E14: =SUMIFS(AfO!F:F,AfO!$A:$A,$A$14,AfO!$B:$B,$B14)/1000 -> 110.24313 | F14: =SUMIFS(AfO!G:G,AfO!$A:$A,$A$14,AfO!$B:$B,$B14)/1000 -> 122.20181 | G14: =SUMIFS(AfO!H:H,AfO!$A:$A,$A$14,AfO!$B:$B,$B14)/1000 -> 121.60873 | H14: =SUMIFS(AfO!I:I,AfO!$A:$A,$A$14,AfO!$B:$B,$B14)/1000 -> 140.2787 | I14: =SUMIFS(AfO!J:J,AfO!$A:$A,$A$14,AfO!$B:$B,$B14)/1000 -> 150.31435 | R14: =SUM(J14:Q14) -> 0 | S14: =R14+I14 -> 150.31435 | T14: =(((I14/C14))^(1/5))-1 -> 0.089319259 | U14: =(((S14/I14))^(1/5))-1 -> 0
B15: Cider, Wine & Spirit | C15: =SUMIFS(AfO!D:D,AfO!$A:$A,$A$14,AfO!$B:$B,$B15)/1000 -> 52.067942 | D15: =SUMIFS(AfO!E:E,AfO!$A:$A,$A$14,AfO!$B:$B,$B15)/1000 -> 54.05732 | E15: =SUMIFS(AfO!F:F,AfO!$A:$A,$A$14,AfO!$B:$B,$B15)/1000 -> 56.933623 | F15: =SUMIFS(AfO!G:G,AfO!$A:$A,$A$14,AfO!$B:$B,$B15)/1000 -> 68.938936 | G15: =SUMIFS(AfO!H:H,AfO!$A:$A,$A$14,AfO!$B:$B,$B15)/1000 -> 66.889477 | H15: =SUMIFS(AfO!I:I,AfO!$A:$A,$A$14,AfO!$B:$B,$B15)/1000 -> 73.8833 | I15: =SUMIFS(AfO!J:J,AfO!$A:$A,$A$14,AfO!$B:$B,$B15)/1000 -> 67.038592 | R15: =SUM(J15:Q15) -> 0 | S15: =R15+I15 -> 67.038592 | T15: =(((I15/C15))^(1/5))-1 -> 0.051842934 | U15: =(((S15/I15))^(1/5))-1 -> 0
B16: Alc. Beverages | C16: =SUM(C14:C15) -> 150.0676 | D16: =SUM(D14:D15) -> 154.49667 | E16: =SUM(E14:E15) -> 167.17675 | F16: =SUM(F14:F15) -> 191.14074 | G16: =SUM(G14:G15) -> 188.49821 | H16: =SUM(H14:H15) -> 214.162 | I16: =SUM(I14:I15) -> 217.35295 | R16: =SUM(J16:Q16) -> 0 | S16: =R16+I16 -> 217.35295 | T16: =(((I16/C16))^(1/5))-1 -> 0.076900852 | U16: =(((S16/I16))^(1/5))-1 -> 0
B17: Juice & Juice Drink | C17: =SUMIFS(AfO!D:D,AfO!$A:$A,$A$14,AfO!$B:$B,$B17)/1000 -> 261.99452 | D17: =SUMIFS(AfO!E:E,AfO!$A:$A,$A$14,AfO!$B:$B,$B17)/1000 -> 278.46378 | E17: =SUMIFS(AfO!F:F,AfO!$A:$A,$A$14,AfO!$B:$B,$B17)/1000 -> 299.57684 | F17: =SUMIFS(AfO!G:G,AfO!$A:$A,$A$14,AfO!$B:$B,$B17)/1000 -> 365.92302 | G17: =SUMIFS(AfO!H:H,AfO!$A:$A,$A$14,AfO!$B:$B,$B17)/1000 -> 376.34058 | H17: =SUMIFS(AfO!I:I,AfO!$A:$A,$A$14,AfO!$B:$B,$B17)/1000 -> 405.59679 | I17: =SUMIFS(AfO!J:J,AfO!$A:$A,$A$14,AfO!$B:$B,$B17)/1000 -> 429.72051 | R17: =SUM(J17:Q17) -> 0 | S17: =R17+I17 -> 429.72051 | T17: =(((I17/C17))^(1/5))-1 -> 0.10402466 | U17: =(((S17/I17))^(1/5))-1 -> 0
B18: Soft Drink | C18: =SUMIFS(AfO!D:D,AfO!$A:$A,$A$14,AfO!$B:$B,$B18)/1000 -> 343.01031 | D18: =SUMIFS(AfO!E:E,AfO!$A:$A,$A$14,AfO!$B:$B,$B18)/1000 -> 333.31249 | E18: =SUMIFS(AfO!F:F,AfO!$A:$A,$A$14,AfO!$B:$B,$B18)/1000 -> 349.99055 | F18: =SUMIFS(AfO!G:G,AfO!$A:$A,$A$14,AfO!$B:$B,$B18)/1000 -> 390.58592 | G18: =SUMIFS(AfO!H:H,AfO!$A:$A,$A$14,AfO!$B:$B,$B18)/1000 -> 423.03394 | H18: =SUMIFS(AfO!I:I,AfO!$A:$A,$A$14,AfO!$B:$B,$B18)/1000 -> 465.71905 | I18: =SUMIFS(AfO!J:J,AfO!$A:$A,$A$14,AfO!$B:$B,$B18)/1000 -> 469.60336 | R18: =SUM(J18:Q18) -> 0 | S18: =R18+I18 -> 469.60336 | T18: =(((I18/C18))^(1/5))-1 -> 0.064841094 | U18: =(((S18/I18))^(1/5))-1 -> 0
B19: Tea & Coffee | C19: =SUMIFS(AfO!D:D,AfO!$A:$A,$A$14,AfO!$B:$B,$B19)/1000 -> 5.610625 | D19: =SUMIFS(AfO!E:E,AfO!$A:$A,$A$14,AfO!$B:$B,$B19)/1000 -> 6.6683898 | E19: =SUMIFS(AfO!F:F,AfO!$A:$A,$A$14,AfO!$B:$B,$B19)/1000 -> 8.3057916 | F19: =SUMIFS(AfO!G:G,AfO!$A:$A,$A$14,AfO!$B:$B,$B19)/1000 -> 12.354032 | G19: =SUMIFS(AfO!H:H,AfO!$A:$A,$A$14,AfO!$B:$B,$B19)/1000 -> 34.76055 | H19: =SUMIFS(AfO!I:I,AfO!$A:$A,$A$14,AfO!$B:$B,$B19)/1000 -> 21.997327 | I19: =SUMIFS(AfO!J:J,AfO!$A:$A,$A$14,AfO!$B:$B,$B19)/1000 -> 28.611594 | R19: =SUM(J19:Q19) -> 0 | S19: =R19+I19 -> 28.611594 | T19: =(((I19/C19))^(1/5))-1 -> 0.38517984 | U19: =(((S19/I19))^(1/5))-1 -> 0
B20: Non-Alc. Beverages | C20: =SUM(C17:C19) -> 610.61546 | D20: =SUM(D17:D19) -> 618.44466 | E20: =SUM(E17:E19) -> 657.87318 | F20: =SUM(F17:F19) -> 768.86297 | G20: =SUM(G17:G19) -> 834.13507 | H20: =SUM(H17:H19) -> 893.31317 | I20: =SUM(I17:I19) -> 927.93546 | R20: =SUM(J20:Q20) -> 0 | S20: =R20+I20 -> 927.93546 | T20: =(((I20/C20))^(1/5))-1 -> 0.08730152 | U20: =(((S20/I20))^(1/5))-1 -> 0
A21: EUR | B21: Result | C21: =SUMIFS(AfO!D:D,AfO!$A:$A,$A$14,AfO!$B:$B,$B21)/1000 -> 1002.3255 | D21: =SUMIFS(AfO!E:E,AfO!$A:$A,$A$14,AfO!$B:$B,$B21)/1000 -> 1027.1281 | E21: =SUMIFS(AfO!F:F,AfO!$A:$A,$A$14,AfO!$B:$B,$B21)/1000 -> 1132.78 | F21: =SUMIFS(AfO!G:G,AfO!$A:$A,$A$14,AfO!$B:$B,$B21)/1000 -> 1334.6647 | G21: =SUMIFS(AfO!H:H,AfO!$A:$A,$A$14,AfO!$B:$B,$B21)/1000 -> 1427.9009 | H21: =SUMIFS(AfO!I:I,AfO!$A:$A,$A$14,AfO!$B:$B,$B21)/1000 -> 1623.8557 | I21: =SUMIFS(AfO!J:J,AfO!$A:$A,$A$14,AfO!$B:$B,$B21)/1000 -> 1658.2837 | R21: =SUM(J21:Q21) -> 0 | S21: =R21+I21 -> 1658.2837 | T21: =(((I21/C21))^(1/5))-1 -> 0.10593604 | U21: =(((S21/I21))^(1/5))-1 -> 0
A22: CIS | B22: Brewery | C22: =SUMIFS(AfO!D:D,AfO!$A:$A,$A$22,AfO!$B:$B,$B22)/1000 -> 27.557979 | D22: =SUMIFS(AfO!E:E,AfO!$A:$A,$A$22,AfO!$B:$B,$B22)/1000 -> 34.026537 | E22: =SUMIFS(AfO!F:F,AfO!$A:$A,$A$22,AfO!$B:$B,$B22)/1000 -> 40.808168 | F22: =SUMIFS(AfO!G:G,AfO!$A:$A,$A$22,AfO!$B:$B,$B22)/1000 -> 59.492633 | G22: =SUMIFS(AfO!H:H,AfO!$A:$A,$A$22,AfO!$B:$B,$B22)/1000 -> 78.140682 | H22: =SUMIFS(AfO!I:I,AfO!$A:$A,$A$22,AfO!$B:$B,$B22)/1000 -> 83.286073 | I22: =SUMIFS(AfO!J:J,AfO!$A:$A,$A$22,AfO!$B:$B,$B22)/1000 -> 81.515774 | R22: =SUM(J22:Q22) -> 0 | S22: =R22+I22 -> 81.515774 | T22: =(((I22/C22))^(1/5))-1 -> 0.24222098 | U22: =(((S22/I22))^(1/5))-1 -> 0
B23: Cider, Wine & Spirit | C23: =SUMIFS(AfO!D:D,AfO!$A:$A,$A$22,AfO!$B:$B,$B23)/1000 -> 4.9480509 | D23: =SUMIFS(AfO!E:E,AfO!$A:$A,$A$22,AfO!$B:$B,$B23)/1000 -> 4.9606367 | E23: =SUMIFS(AfO!F:F,AfO!$A:$A,$A$22,AfO!$B:$B,$B23)/1000 -> 6.6925095 | F23: =SUMIFS(AfO!G:G,AfO!$A:$A,$A$22,AfO!$B:$B,$B23)/1000 -> 8.8634774 | G23: =SUMIFS(AfO!H:H,AfO!$A:$A,$A$22,AfO!$B:$B,$B23)/1000 -> 10.46572 | H23: =SUMIFS(AfO!I:I,AfO!$A:$A,$A$22,AfO!$B:$B,$B23)/1000 -> 10.913152 | I23: =SUMIFS(AfO!J:J,AfO!$A:$A,$A$22,AfO!$B:$B,$B23)/1000 -> 10.162663 | R23: =SUM(J23:Q23) -> 0 | S23: =R23+I23 -> 10.162663 | T23: =(((I23/C23))^(1/5))-1 -> 0.15482099 | U23: =(((S23/I23))^(1/5))-1 -> 0
B24: Alc. Beverages | C24: =SUM(C22:C23) -> 32.50603 | D24: =SUM(D22:D23) -> 38.987173 | E24: =SUM(E22:E23) -> 47.500677 | F24: =SUM(F22:F23) -> 68.356111 | G24: =SUM(G22:G23) -> 88.606403 | H24: =SUM(H22:H23) -> 94.199225 | I24: =SUM(I22:I23) -> 91.678436 | R24: =SUM(J24:Q24) -> 0 | S24: =R24+I24 -> 91.678436 | T24: =(((I24/C24))^(1/5))-1 -> 0.2304406 | U24: =(((S24/I24))^(1/5))-1 -> 0
B25: Juice & Juice Drink | C25: =SUMIFS(AfO!D:D,AfO!$A:$A,$A$22,AfO!$B:$B,$B25)/1000 -> 24.904139 | D25: =SUMIFS(AfO!E:E,AfO!$A:$A,$A$22,AfO!$B:$B,$B25)/1000 -> 25.904293 | E25: =SUMIFS(AfO!F:F,AfO!$A:$A,$A$22,AfO!$B:$B,$B25)/1000 -> 40.460769 | F25: =SUMIFS(AfO!G:G,AfO!$A:$A,$A$22,AfO!$B:$B,$B25)/1000 -> 47.809997 | G25: =SUMIFS(AfO!H:H,AfO!$A:$A,$A$22,AfO!$B:$B,$B25)/1000 -> 47.678844 | H25: =SUMIFS(AfO!I:I,AfO!$A:$A,$A$22,AfO!$B:$B,$B25)/1000 -> 48.234836 | I25: =SUMIFS(AfO!J:J,AfO!$A:$A,$A$22,AfO!$B:$B,$B25)/1000 -> 49.061505 | R25: =SUM(J25:Q25) -> 0 | S25: =R25+I25 -> 49.061505 | T25: =(((I25/C25))^(1/5))-1 -> 0.14523303 | U25: =(((S25/I25))^(1/5))-1 -> 0
B26: Soft Drink | C26: =SUMIFS(AfO!D:D,AfO!$A:$A,$A$22,AfO!$B:$B,$B26)/1000 -> 50.91124 | D26: =SUMIFS(AfO!E:E,AfO!$A:$A,$A$22,AfO!$B:$B,$B26)/1000 -> 51.96288 | E26: =SUMIFS(AfO!F:F,AfO!$A:$A,$A$22,AfO!$B:$B,$B26)/1000 -> 60.896476 | F26: =SUMIFS(AfO!G:G,AfO!$A:$A,$A$22,AfO!$B:$B,$B26)/1000 -> 88.767684 | G26: =SUMIFS(AfO!H:H,AfO!$A:$A,$A$22,AfO!$B:$B,$B26)/1000 -> 101.15826 | H26: =SUMIFS(AfO!I:I,AfO!$A:$A,$A$22,AfO!$B:$B,$B26)/1000 -> 107.84782 | I26: =SUMIFS(AfO!J:J,AfO!$A:$A,$A$22,AfO!$B:$B,$B26)/1000 -> 111.67105 | R26: =SUM(J26:Q26) -> 0 | S26: =R26+I26 -> 111.67105 | T26: =(((I26/C26))^(1/5))-1 -> 0.17010647 | U26: =(((S26/I26))^(1/5))-1 -> 0
B27: Tea & Coffee | C27: =SUMIFS(AfO!D:D,AfO!$A:$A,$A$22,AfO!$B:$B,$B27)/1000 -> 0.03437503 | D27: =SUMIFS(AfO!E:E,AfO!$A:$A,$A$22,AfO!$B:$B,$B27)/1000 -> 0.00562934 | E27: =SUMIFS(AfO!F:F,AfO!$A:$A,$A$22,AfO!$B:$B,$B27)/1000 -> 0.00759373 | F27: =SUMIFS(AfO!G:G,AfO!$A:$A,$A$22,AfO!$B:$B,$B27)/1000 -> 0.00245045 | G27: =SUMIFS(AfO!H:H,AfO!$A:$A,$A$22,AfO!$B:$B,$B27)/1000 -> 0.00267864 | H27: =SUMIFS(AfO!I:I,AfO!$A:$A,$A$22,AfO!$B:$B,$B27)/1000 -> 0.00279078 | I27: =SUMIFS(AfO!J:J,AfO!$A:$A,$A$22,AfO!$B:$B,$B27)/1000 -> 0.00251298 | R27: =SUM(J27:Q27) -> 0 | S27: =R27+I27 -> 0.00251298 | T27: =(((I27/C27))^(1/5))-1 -> -0.40736242 | U27: =(((S27/I27))^(1/5))-1 -> 0
B28: Non-Alc. Beverages | C28: =SUM(C25:C27) -> 75.849754 | D28: =SUM(D25:D27) -> 77.872802 | E28: =SUM(E25:E27) -> 101.36484 | F28: =SUM(F25:F27) -> 136.58013 | G28: =SUM(G25:G27) -> 148.83979 | H28: =SUM(H25:H27) -> 156.08544 | I28: =SUM(I25:I27) -> 160.73506 | R28: =SUM(J28:Q28) -> 0 | S28: =R28+I28 -> 160.73506 | T28: =(((I28/C28))^(1/5))-1 -> 0.16206732 | U28: =(((S28/I28))^(1/5))-1 -> 0
A29: CIS | B29: Result | C29: =SUMIFS(AfO!D:D,AfO!$A:$A,$A$22,AfO!$B:$B,$B29)/1000 -> 134.48379 | D29: =SUMIFS(AfO!E:E,AfO!$A:$A,$A$22,AfO!$B:$B,$B29)/1000 -> 153.57053 | E29: =SUMIFS(AfO!F:F,AfO!$A:$A,$A$22,AfO!$B:$B,$B29)/1000 -> 190.21406 | F29: =SUMIFS(AfO!G:G,AfO!$A:$A,$A$22,AfO!$B:$B,$B29)/1000 -> 254.85824 | G29: =SUMIFS(AfO!H:H,AfO!$A:$A,$A$22,AfO!$B:$B,$B29)/1000 -> 286.46813 | H29: =SUMIFS(AfO!I:I,AfO!$A:$A,$A$22,AfO!$B:$B,$B29)/1000 -> 303.1095 | I29: =SUMIFS(AfO!J:J,AfO!$A:$A,$A$22,AfO!$B:$B,$B29)/1000 -> 292.76585 | R29: =SUM(J29:Q29) -> 0 | S29: =R29+I29 -> 292.76585 | T29: =(((I29/C29))^(1/5))-1 -> 0.16834229 | U29: =(((S29/I29))^(1/5))-1 -> 0
A30: MEA | B30: Brewery | C30: =SUMIFS(AfO!D:D,AfO!$A:$A,$A$30,AfO!$B:$B,$B30)/1000 -> 10.025434 | D30: =SUMIFS(AfO!E:E,AfO!$A:$A,$A$30,AfO!$B:$B,$B30)/1000 -> 2.4862199 | E30: =SUMIFS(AfO!F:F,AfO!$A:$A,$A$30,AfO!$B:$B,$B30)/1000 -> 9.496856 | F30: =SUMIFS(AfO!G:G,AfO!$A:$A,$A$30,AfO!$B:$B,$B30)/1000 -> 16.853422 | G30: =SUMIFS(AfO!H:H,AfO!$A:$A,$A$30,AfO!$B:$B,$B30)/1000 -> 19.249253 | H30: =SUMIFS(AfO!I:I,AfO!$A:$A,$A$30,AfO!$B:$B,$B30)/1000 -> 20.831869 | I30: =SUMIFS(AfO!J:J,AfO!$A:$A,$A$30,AfO!$B:$B,$B30)/1000 -> 13.086355 | R30: =SUM(J30:Q30) -> 0 | S30: =R30+I30 -> 13.086355 | T30: =(((I30/C30))^(1/5))-1 -> 0.05473439 | U30: =(((S30/I30))^(1/5))-1 -> 0
B31: Cider, Wine & Spirit | C31: =SUMIFS(AfO!D:D,AfO!$A:$A,$A$30,AfO!$B:$B,$B31)/1000 -> 3.9762726 | D31: =SUMIFS(AfO!E:E,AfO!$A:$A,$A$30,AfO!$B:$B,$B31)/1000 -> 4.1155043 | E31: =SUMIFS(AfO!F:F,AfO!$A:$A,$A$30,AfO!$B:$B,$B31)/1000 -> 7.802599 | F31: =SUMIFS(AfO!G:G,AfO!$A:$A,$A$30,AfO!$B:$B,$B31)/1000 -> 9.965696 | G31: =SUMIFS(AfO!H:H,AfO!$A:$A,$A$30,AfO!$B:$B,$B31)/1000 -> 8.1696931 | H31: =SUMIFS(AfO!I:I,AfO!$A:$A,$A$30,AfO!$B:$B,$B31)/1000 -> 9.6389157 | I31: =SUMIFS(AfO!J:J,AfO!$A:$A,$A$30,AfO!$B:$B,$B31)/1000 -> 13.493692 | R31: =SUM(J31:Q31) -> 0 | S31: =R31+I31 -> 13.493692 | T31: =(((I31/C31))^(1/5))-1 -> 0.27682368 | U31: =(((S31/I31))^(1/5))-1 -> 0
B32: Alc. Beverages | C32: =SUM(C30:C31) -> 14.001706 | D32: =SUM(D30:D31) -> 6.6017241 | E32: =SUM(E30:E31) -> 17.299455 | F32: =SUM(F30:F31) -> 26.819118 | G32: =SUM(G30:G31) -> 27.418946 | H32: =SUM(H30:H31) -> 30.470784 | I32: =SUM(I30:I31) -> 26.580047 | R32: =SUM(J32:Q32) -> 0 | S32: =R32+I32 -> 26.580047 | T32: =(((I32/C32))^(1/5))-1 -> 0.13677616 | U32: =(((S32/I32))^(1/5))-1 -> 0
B33: Juice & Juice Drink | C33: =SUMIFS(AfO!D:D,AfO!$A:$A,$A$30,AfO!$B:$B,$B33)/1000 -> 33.644841 | D33: =SUMIFS(AfO!E:E,AfO!$A:$A,$A$30,AfO!$B:$B,$B33)/1000 -> 40.316276 | E33: =SUMIFS(AfO!F:F,AfO!$A:$A,$A$30,AfO!$B:$B,$B33)/1000 -> 47.183211 | F33: =SUMIFS(AfO!G:G,AfO!$A:$A,$A$30,AfO!$B:$B,$B33)/1000 -> 60.248435 | G33: =SUMIFS(AfO!H:H,AfO!$A:$A,$A$30,AfO!$B:$B,$B33)/1000 -> 76.822222 | H33: =SUMIFS(AfO!I:I,AfO!$A:$A,$A$30,AfO!$B:$B,$B33)/1000 -> 86.969503 | I33: =SUMIFS(AfO!J:J,AfO!$A:$A,$A$30,AfO!$B:$B,$B33)/1000 -> 87.657356 | R33: =SUM(J33:Q33) -> 0 | S33: =R33+I33 -> 87.657356 | T33: =(((I33/C33))^(1/5))-1 -> 0.21108319 | U33: =(((S33/I33))^(1/5))-1 -> 0
B34: Soft Drink | C34: =SUMIFS(AfO!D:D,AfO!$A:$A,$A$30,AfO!$B:$B,$B34)/1000 -> 48.869823 | D34: =SUMIFS(AfO!E:E,AfO!$A:$A,$A$30,AfO!$B:$B,$B34)/1000 -> 48.83479 | E34: =SUMIFS(AfO!F:F,AfO!$A:$A,$A$30,AfO!$B:$B,$B34)/1000 -> 79.221321 | F34: =SUMIFS(AfO!G:G,AfO!$A:$A,$A$30,AfO!$B:$B,$B34)/1000 -> 101.80888 | G34: =SUMIFS(AfO!H:H,AfO!$A:$A,$A$30,AfO!$B:$B,$B34)/1000 -> 99.93534 | H34: =SUMIFS(AfO!I:I,AfO!$A:$A,$A$30,AfO!$B:$B,$B34)/1000 -> 126.87121 | I34: =SUMIFS(AfO!J:J,AfO!$A:$A,$A$30,AfO!$B:$B,$B34)/1000 -> 118.89551 | R34: =SUM(J34:Q34) -> 0 | S34: =R34+I34 -> 118.89551 | T34: =(((I34/C34))^(1/5))-1 -> 0.19460667 | U34: =(((S34/I34))^(1/5))-1 -> 0
B35: Tea & Coffee | C35: =SUMIFS(AfO!D:D,AfO!$A:$A,$A$30,AfO!$B:$B,$B35)/1000 -> 0.03578134 | D35: =SUMIFS(AfO!E:E,AfO!$A:$A,$A$30,AfO!$B:$B,$B35)/1000 -> 0.07954173 | E35: =SUMIFS(AfO!F:F,AfO!$A:$A,$A$30,AfO!$B:$B,$B35)/1000 -> 0.12069796 | F35: =SUMIFS(AfO!G:G,AfO!$A:$A,$A$30,AfO!$B:$B,$B35)/1000 -> 0.14608294 | G35: =SUMIFS(AfO!H:H,AfO!$A:$A,$A$30,AfO!$B:$B,$B35)/1000 -> 0.77731622 | H35: =SUMIFS(AfO!I:I,AfO!$A:$A,$A$30,AfO!$B:$B,$B35)/1000 -> 1.4124798 | I35: =SUMIFS(AfO!J:J,AfO!$A:$A,$A$30,AfO!$B:$B,$B35)/1000 -> 3.9496711 | R35: =SUM(J35:Q35) -> 0 | S35: =R35+I35 -> 3.9496711 | T35: =(((I35/C35))^(1/5))-1 -> 1.5620103 | U35: =(((S35/I35))^(1/5))-1 -> 0
B36: Non-Alc. Beverages | C36: =SUM(C33:C35) -> 82.550445 | D36: =SUM(D33:D35) -> 89.230607 | E36: =SUM(E33:E35) -> 126.52523 | F36: =SUM(F33:F35) -> 162.2034 | G36: =SUM(G33:G35) -> 177.53488 | H36: =SUM(H33:H35) -> 215.2532 | I36: =SUM(I33:I35) -> 210.50253 | R36: =SUM(J36:Q36) -> 0 | S36: =R36+I36 -> 210.50253 | T36: =(((I36/C36))^(1/5))-1 -> 0.20588969 | U36: =(((S36/I36))^(1/5))-1 -> 0
A37: MEA | B37: Result | C37: =SUMIFS(AfO!D:D,AfO!$A:$A,$A$30,AfO!$B:$B,$B37)/1000 -> 146.25187 | D37: =SUMIFS(AfO!E:E,AfO!$A:$A,$A$30,AfO!$B:$B,$B37)/1000 -> 160.10378 | E37: =SUMIFS(AfO!F:F,AfO!$A:$A,$A$30,AfO!$B:$B,$B37)/1000 -> 200.5086 | F37: =SUMIFS(AfO!G:G,AfO!$A:$A,$A$30,AfO!$B:$B,$B37)/1000 -> 269.63334 | G37: =SUMIFS(AfO!H:H,AfO!$A:$A,$A$30,AfO!$B:$B,$B37)/1000 -> 288.60083 | H37: =SUMIFS(AfO!I:I,AfO!$A:$A,$A$30,AfO!$B:$B,$B37)/1000 -> 350.2815 | I37: =SUMIFS(AfO!J:J,AfO!$A:$A,$A$30,AfO!$B:$B,$B37)/1000 -> 340.30114 | R37: =SUM(J37:Q37) -> 0 | S37: =R37+I37 -> 340.30114 | T37: =(((I37/C37))^(1/5))-1 -> 0.18400188 | U37: =(((S37/I37))^(1/5))-1 -> 0
A38: TIP | B38: Brewery | C38: =SUMIFS(AfO!D:D,AfO!$A:$A,$A$38,AfO!$B:$B,$B38)/1000 -> 0.11018411 | D38: =SUMIFS(AfO!E:E,AfO!$A:$A,$A$38,AfO!$B:$B,$B38)/1000 -> 0.23603634 | E38: =SUMIFS(AfO!F:F,AfO!$A:$A,$A$38,AfO!$B:$B,$B38)/1000 -> 0.20331586 | F38: =SUMIFS(AfO!G:G,AfO!$A:$A,$A$38,AfO!$B:$B,$B38)/1000 -> 0.24843991 | G38: =SUMIFS(AfO!H:H,AfO!$A:$A,$A$38,AfO!$B:$B,$B38)/1000 -> 0.25705306 | H38: =SUMIFS(AfO!I:I,AfO!$A:$A,$A$38,AfO!$B:$B,$B38)/1000 -> 0.46552909 | I38: =SUMIFS(AfO!J:J,AfO!$A:$A,$A$38,AfO!$B:$B,$B38)/1000 -> 0.27165275 | R38: =SUM(J38:Q38) -> 0 | S38: =R38+I38 -> 0.27165275 | T38: =(((I38/C38))^(1/5))-1 -> 0.19778544 | U38: =(((S38/I38))^(1/5))-1 -> 0
B39: Cider, Wine & Spirit | C39: =SUMIFS(AfO!D:D,AfO!$A:$A,$A$38,AfO!$B:$B,$B39)/1000 -> 1.4041965 | D39: =SUMIFS(AfO!E:E,AfO!$A:$A,$A$38,AfO!$B:$B,$B39)/1000 -> 0.43151864 | E39: =SUMIFS(AfO!F:F,AfO!$A:$A,$A$38,AfO!$B:$B,$B39)/1000 -> 0.84039156 | F39: =SUMIFS(AfO!G:G,AfO!$A:$A,$A$38,AfO!$B:$B,$B39)/1000 -> 1.3543862 | G39: =SUMIFS(AfO!H:H,AfO!$A:$A,$A$38,AfO!$B:$B,$B39)/1000 -> 1.4115636 | H39: =SUMIFS(AfO!I:I,AfO!$A:$A,$A$38,AfO!$B:$B,$B39)/1000 -> 1.5981615 | I39: =SUMIFS(AfO!J:J,AfO!$A:$A,$A$38,AfO!$B:$B,$B39)/1000 -> 1.2010816 | R39: =SUM(J39:Q39) -> 0 | S39: =R39+I39 -> 1.2010816 | T39: =(((I39/C39))^(1/5))-1 -> -0.030765366 | U39: =(((S39/I39))^(1/5))-1 -> 0
B40: Alc. Beverages | C40: =SUM(C38:C39) -> 1.5143806 | D40: =SUM(D38:D39) -> 0.66755498 | E40: =SUM(E38:E39) -> 1.0437074 | F40: =SUM(F38:F39) -> 1.6028261 | G40: =SUM(G38:G39) -> 1.6686167 | H40: =SUM(H38:H39) -> 2.0636906 | I40: =SUM(I38:I39) -> 1.4727343 | R40: =SUM(J40:Q40) -> 0 | S40: =R40+I40 -> 1.4727343 | T40: =(((I40/C40))^(1/5))-1 -> -0.005561626 | U40: =(((S40/I40))^(1/5))-1 -> 0
B41: Juice & Juice Drink | C41: =SUMIFS(AfO!D:D,AfO!$A:$A,$A$38,AfO!$B:$B,$B41)/1000 -> 25.004953 | D41: =SUMIFS(AfO!E:E,AfO!$A:$A,$A$38,AfO!$B:$B,$B41)/1000 -> 29.108342 | E41: =SUMIFS(AfO!F:F,AfO!$A:$A,$A$38,AfO!$B:$B,$B41)/1000 -> 29.574215 | F41: =SUMIFS(AfO!G:G,AfO!$A:$A,$A$38,AfO!$B:$B,$B41)/1000 -> 32.094491 | G41: =SUMIFS(AfO!H:H,AfO!$A:$A,$A$38,AfO!$B:$B,$B41)/1000 -> 36.498247 | H41: =SUMIFS(AfO!I:I,AfO!$A:$A,$A$38,AfO!$B:$B,$B41)/1000 -> 47.849936 | I41: =SUMIFS(AfO!J:J,AfO!$A:$A,$A$38,AfO!$B:$B,$B41)/1000 -> 40.561618 | R41: =SUM(J41:Q41) -> 0 | S41: =R41+I41 -> 40.561618 | T41: =(((I41/C41))^(1/5))-1 -> 0.10158457 | U41: =(((S41/I41))^(1/5))-1 -> 0
B42: Soft Drink | C42: =SUMIFS(AfO!D:D,AfO!$A:$A,$A$38,AfO!$B:$B,$B42)/1000 -> 26.532996 | D42: =SUMIFS(AfO!E:E,AfO!$A:$A,$A$38,AfO!$B:$B,$B42)/1000 -> 31.865885 | E42: =SUMIFS(AfO!F:F,AfO!$A:$A,$A$38,AfO!$B:$B,$B42)/1000 -> 28.456861 | F42: =SUMIFS(AfO!G:G,AfO!$A:$A,$A$38,AfO!$B:$B,$B42)/1000 -> 29.96814 | G42: =SUMIFS(AfO!H:H,AfO!$A:$A,$A$38,AfO!$B:$B,$B42)/1000 -> 32.235475 | H42: =SUMIFS(AfO!I:I,AfO!$A:$A,$A$38,AfO!$B:$B,$B42)/1000 -> 37.480917 | I42: =SUMIFS(AfO!J:J,AfO!$A:$A,$A$38,AfO!$B:$B,$B42)/1000 -> 46.327888 | R42: =SUM(J42:Q42) -> 0 | S42: =R42+I42 -> 46.327888 | T42: =(((I42/C42))^(1/5))-1 -> 0.11792133 | U42: =(((S42/I42))^(1/5))-1 -> 0
B43: Tea & Coffee | C43: =SUMIFS(AfO!D:D,AfO!$A:$A,$A$38,AfO!$B:$B,$B43)/1000 -> 0.07788542 | D43: =SUMIFS(AfO!E:E,AfO!$A:$A,$A$38,AfO!$B:$B,$B43)/1000 -> 0.23414388 | E43: =SUMIFS(AfO!F:F,AfO!$A:$A,$A$38,AfO!$B:$B,$B43)/1000 -> 0.34600675 | F43: =SUMIFS(AfO!G:G,AfO!$A:$A,$A$38,AfO!$B:$B,$B43)/1000 -> 1.058131 | G43: =SUMIFS(AfO!H:H,AfO!$A:$A,$A$38,AfO!$B:$B,$B43)/1000 -> 0.87621529 | H43: =SUMIFS(AfO!I:I,AfO!$A:$A,$A$38,AfO!$B:$B,$B43)/1000 -> 2.0040739 | I43: =SUMIFS(AfO!J:J,AfO!$A:$A,$A$38,AfO!$B:$B,$B43)/1000 -> 0.36750149 | R43: =SUM(J43:Q43) -> 0 | S43: =R43+I43 -> 0.36750149 | T43: =(((I43/C43))^(1/5))-1 -> 0.3638311 | U43: =(((S43/I43))^(1/5))-1 -> 0
B44: Non-Alc. Beverages | C44: =SUM(C41:C43) -> 51.615834 | D44: =SUM(D41:D43) -> 61.208371 | E44: =SUM(E41:E43) -> 58.377083 | F44: =SUM(F41:F43) -> 63.120762 | G44: =SUM(G41:G43) -> 69.609937 | H44: =SUM(H41:H43) -> 87.334928 | I44: =SUM(I41:I43) -> 87.257007 | R44: =SUM(J44:Q44) -> 0 | S44: =R44+I44 -> 87.257007 | T44: =(((I44/C44))^(1/5))-1 -> 0.11071714 | U44: =(((S44/I44))^(1/5))-1 -> 0
A45: TIP | B45: Result | C45: =SUMIFS(AfO!D:D,AfO!$A:$A,$A$38,AfO!$B:$B,$B45)/1000 -> 84.096446 | D45: =SUMIFS(AfO!E:E,AfO!$A:$A,$A$38,AfO!$B:$B,$B45)/1000 -> 84.005274 | E45: =SUMIFS(AfO!F:F,AfO!$A:$A,$A$38,AfO!$B:$B,$B45)/1000 -> 101.00425 | F45: =SUMIFS(AfO!G:G,AfO!$A:$A,$A$38,AfO!$B:$B,$B45)/1000 -> 121.52719 | G45: =SUMIFS(AfO!H:H,AfO!$A:$A,$A$38,AfO!$B:$B,$B45)/1000 -> 123.93952 | H45: =SUMIFS(AfO!I:I,AfO!$A:$A,$A$38,AfO!$B:$B,$B45)/1000 -> 153.06983 | I45: =SUMIFS(AfO!J:J,AfO!$A:$A,$A$38,AfO!$B:$B,$B45)/1000 -> 142.04847 | R45: =SUM(J45:Q45) -> 0 | S45: =R45+I45 -> 142.04847 | T45: =(((I45/C45))^(1/5))-1 -> 0.1105338 | U45: =(((S45/I45))^(1/5))-1 -> 0
A46: WAPAC | B46: Brewery | C46: =SUMIFS(AfO!D:D,AfO!$A:$A,$A$46,AfO!$B:$B,$B46)/1000 -> 3.0674825 | D46: =SUMIFS(AfO!E:E,AfO!$A:$A,$A$46,AfO!$B:$B,$B46)/1000 -> 2.0700579 | E46: =SUMIFS(AfO!F:F,AfO!$A:$A,$A$46,AfO!$B:$B,$B46)/1000 -> 2.8215932 | F46: =SUMIFS(AfO!G:G,AfO!$A:$A,$A$46,AfO!$B:$B,$B46)/1000 -> 4.6605755 | G46: =SUMIFS(AfO!H:H,AfO!$A:$A,$A$46,AfO!$B:$B,$B46)/1000 -> 5.7562777 | H46: =SUMIFS(AfO!I:I,AfO!$A:$A,$A$46,AfO!$B:$B,$B46)/1000 -> 6.6575246 | I46: =SUMIFS(AfO!J:J,AfO!$A:$A,$A$46,AfO!$B:$B,$B46)/1000 -> 4.7939448 | R46: =SUM(J46:Q46) -> 0 | S46: =R46+I46 -> 4.7939448 | T46: =(((I46/C46))^(1/5))-1 -> 0.093407847 | U46: =(((S46/I46))^(1/5))-1 -> 0
B47: Cider, Wine & Spirit | C47: =SUMIFS(AfO!D:D,AfO!$A:$A,$A$46,AfO!$B:$B,$B47)/1000 -> 1.9264683 | D47: =SUMIFS(AfO!E:E,AfO!$A:$A,$A$46,AfO!$B:$B,$B47)/1000 -> 1.5711777 | E47: =SUMIFS(AfO!F:F,AfO!$A:$A,$A$46,AfO!$B:$B,$B47)/1000 -> 1.4360033 | F47: =SUMIFS(AfO!G:G,AfO!$A:$A,$A$46,AfO!$B:$B,$B47)/1000 -> 2.3291846 | G47: =SUMIFS(AfO!H:H,AfO!$A:$A,$A$46,AfO!$B:$B,$B47)/1000 -> 2.097617 | H47: =SUMIFS(AfO!I:I,AfO!$A:$A,$A$46,AfO!$B:$B,$B47)/1000 -> 2.3805446 | I47: =SUMIFS(AfO!J:J,AfO!$A:$A,$A$46,AfO!$B:$B,$B47)/1000 -> 1.6595673 | R47: =SUM(J47:Q47) -> 0 | S47: =R47+I47 -> 1.6595673 | T47: =(((I47/C47))^(1/5))-1 -> -0.029385889 | U47: =(((S47/I47))^(1/5))-1 -> 0
B48: Alc. Beverages | C48: =SUM(C46:C47) -> 4.9939509 | D48: =SUM(D46:D47) -> 3.6412356 | E48: =SUM(E46:E47) -> 4.2575965 | F48: =SUM(F46:F47) -> 6.9897601 | G48: =SUM(G46:G47) -> 7.8538947 | H48: =SUM(H46:H47) -> 9.0380692 | I48: =SUM(I46:I47) -> 6.4535121 | R48: =SUM(J48:Q48) -> 0 | S48: =R48+I48 -> 6.4535121 | T48: =(((I48/C48))^(1/5))-1 -> 0.052616985 | U48: =(((S48/I48))^(1/5))-1 -> 0
B49: Juice & Juice Drink | C49: =SUMIFS(AfO!D:D,AfO!$A:$A,$A$46,AfO!$B:$B,$B49)/1000 -> 15.844065 | D49: =SUMIFS(AfO!E:E,AfO!$A:$A,$A$46,AfO!$B:$B,$B49)/1000 -> 13.384943 | E49: =SUMIFS(AfO!F:F,AfO!$A:$A,$A$46,AfO!$B:$B,$B49)/1000 -> 13.966433 | F49: =SUMIFS(AfO!G:G,AfO!$A:$A,$A$46,AfO!$B:$B,$B49)/1000 -> 36.279283 | G49: =SUMIFS(AfO!H:H,AfO!$A:$A,$A$46,AfO!$B:$B,$B49)/1000 -> 31.799007 | H49: =SUMIFS(AfO!I:I,AfO!$A:$A,$A$46,AfO!$B:$B,$B49)/1000 -> 38.000608 | I49: =SUMIFS(AfO!J:J,AfO!$A:$A,$A$46,AfO!$B:$B,$B49)/1000 -> 42.801425 | R49: =SUM(J49:Q49) -> 0 | S49: =R49+I49 -> 42.801425 | T49: =(((I49/C49))^(1/5))-1 -> 0.2198834 | U49: =(((S49/I49))^(1/5))-1 -> 0
B50: Soft Drink | C50: =SUMIFS(AfO!D:D,AfO!$A:$A,$A$46,AfO!$B:$B,$B50)/1000 -> 13.084951 | D50: =SUMIFS(AfO!E:E,AfO!$A:$A,$A$46,AfO!$B:$B,$B50)/1000 -> 14.14009 | E50: =SUMIFS(AfO!F:F,AfO!$A:$A,$A$46,AfO!$B:$B,$B50)/1000 -> 30.227454 | F50: =SUMIFS(AfO!G:G,AfO!$A:$A,$A$46,AfO!$B:$B,$B50)/1000 -> 26.360613 | G50: =SUMIFS(AfO!H:H,AfO!$A:$A,$A$46,AfO!$B:$B,$B50)/1000 -> 31.472442 | H50: =SUMIFS(AfO!I:I,AfO!$A:$A,$A$46,AfO!$B:$B,$B50)/1000 -> 32.363065 | I50: =SUMIFS(AfO!J:J,AfO!$A:$A,$A$46,AfO!$B:$B,$B50)/1000 -> 38.493321 | R50: =SUM(J50:Q50) -> 0 | S50: =R50+I50 -> 38.493321 | T50: =(((I50/C50))^(1/5))-1 -> 0.24085963 | U50: =(((S50/I50))^(1/5))-1 -> 0
B51: Tea & Coffee | C51: =SUMIFS(AfO!D:D,AfO!$A:$A,$A$46,AfO!$B:$B,$B51)/1000 -> 1.2374089 | D51: =SUMIFS(AfO!E:E,AfO!$A:$A,$A$46,AfO!$B:$B,$B51)/1000 -> 1.4770092 | E51: =SUMIFS(AfO!F:F,AfO!$A:$A,$A$46,AfO!$B:$B,$B51)/1000 -> 1.4141344 | F51: =SUMIFS(AfO!G:G,AfO!$A:$A,$A$46,AfO!$B:$B,$B51)/1000 -> 1.0317823 | G51: =SUMIFS(AfO!H:H,AfO!$A:$A,$A$46,AfO!$B:$B,$B51)/1000 -> 0.99548173 | H51: =SUMIFS(AfO!I:I,AfO!$A:$A,$A$46,AfO!$B:$B,$B51)/1000 -> 0.76939691 | I51: =SUMIFS(AfO!J:J,AfO!$A:$A,$A$46,AfO!$B:$B,$B51)/1000 -> 1.1978387 | R51: =SUM(J51:Q51) -> 0 | S51: =R51+I51 -> 1.1978387 | T51: =(((I51/C51))^(1/5))-1 -> -0.0064790601 | U51: =(((S51/I51))^(1/5))-1 -> 0
B52: Non-Alc. Beverages | C52: =SUM(C49:C51) -> 30.166425 | D52: =SUM(D49:D51) -> 29.002043 | E52: =SUM(E49:E51) -> 45.608022 | F52: =SUM(F49:F51) -> 63.671679 | G52: =SUM(G49:G51) -> 64.26693 | H52: =SUM(H49:H51) -> 71.13307 | I52: =SUM(I49:I51) -> 82.492585 | R52: =SUM(J52:Q52) -> 0 | S52: =R52+I52 -> 82.492585 | T52: =(((I52/C52))^(1/5))-1 -> 0.22286415 | U52: =(((S52/I52))^(1/5))-1 -> 0
A53: WAPAC | B53: Result | C53: =SUMIFS(AfO!D:D,AfO!$A:$A,$A$46,AfO!$B:$B,$B53)/1000 -> 58.188261 | D53: =SUMIFS(AfO!E:E,AfO!$A:$A,$A$46,AfO!$B:$B,$B53)/1000 -> 51.842413 | E53: =SUMIFS(AfO!F:F,AfO!$A:$A,$A$46,AfO!$B:$B,$B53)/1000 -> 72.246149 | F53: =SUMIFS(AfO!G:G,AfO!$A:$A,$A$46,AfO!$B:$B,$B53)/1000 -> 103.72381 | G53: =SUMIFS(AfO!H:H,AfO!$A:$A,$A$46,AfO!$B:$B,$B53)/1000 -> 108.3153 | H53: =SUMIFS(AfO!I:I,AfO!$A:$A,$A$46,AfO!$B:$B,$B53)/1000 -> 127.50088 | I53: =SUMIFS(AfO!J:J,AfO!$A:$A,$A$46,AfO!$B:$B,$B53)/1000 -> 138.02967 | R53: =SUM(J53:Q53) -> 0 | S53: =R53+I53 -> 138.02967 | T53: =(((I53/C53))^(1/5))-1 -> 0.18857725 | U53: =(((S53/I53))^(1/5))-1 -> 0
A54: EAPAC | B54: Brewery | C54: =SUMIFS(AfO!D:D,AfO!$A:$A,$A$54,AfO!$B:$B,$B54)/1000 -> 6.8973889 | D54: =SUMIFS(AfO!E:E,AfO!$A:$A,$A$54,AfO!$B:$B,$B54)/1000 -> 10.274765 | E54: =SUMIFS(AfO!F:F,AfO!$A:$A,$A$54,AfO!$B:$B,$B54)/1000 -> 13.478792 | F54: =SUMIFS(AfO!G:G,AfO!$A:$A,$A$54,AfO!$B:$B,$B54)/1000 -> 15.76007 | G54: =SUMIFS(AfO!H:H,AfO!$A:$A,$A$54,AfO!$B:$B,$B54)/1000 -> 14.469328 | H54: =SUMIFS(AfO!I:I,AfO!$A:$A,$A$54,AfO!$B:$B,$B54)/1000 -> 18.691214 | I54: =SUMIFS(AfO!J:J,AfO!$A:$A,$A$54,AfO!$B:$B,$B54)/1000 -> 12.945265 | R54: =SUM(J54:Q54) -> 0 | S54: =R54+I54 -> 12.945265 | T54: =(((I54/C54))^(1/5))-1 -> 0.13418851 | U54: =(((S54/I54))^(1/5))-1 -> 0
B55: Cider, Wine & Spirit | C55: =SUMIFS(AfO!D:D,AfO!$A:$A,$A$54,AfO!$B:$B,$B55)/1000 -> 1.1552533 | D55: =SUMIFS(AfO!E:E,AfO!$A:$A,$A$54,AfO!$B:$B,$B55)/1000 -> 1.0270247 | E55: =SUMIFS(AfO!F:F,AfO!$A:$A,$A$54,AfO!$B:$B,$B55)/1000 -> 4.1030324 | F55: =SUMIFS(AfO!G:G,AfO!$A:$A,$A$54,AfO!$B:$B,$B55)/1000 -> 4.1359406 | G55: =SUMIFS(AfO!H:H,AfO!$A:$A,$A$54,AfO!$B:$B,$B55)/1000 -> 6.1693941 | H55: =SUMIFS(AfO!I:I,AfO!$A:$A,$A$54,AfO!$B:$B,$B55)/1000 -> 6.3908558 | I55: =SUMIFS(AfO!J:J,AfO!$A:$A,$A$54,AfO!$B:$B,$B55)/1000 -> 5.8370914 | R55: =SUM(J55:Q55) -> 0 | S55: =R55+I55 -> 5.8370914 | T55: =(((I55/C55))^(1/5))-1 -> 0.38262326 | U55: =(((S55/I55))^(1/5))-1 -> 0
B56: Alc. Beverages | C56: =SUM(C54:C55) -> 8.0526422 | D56: =SUM(D54:D55) -> 11.30179 | E56: =SUM(E54:E55) -> 17.581824 | F56: =SUM(F54:F55) -> 19.896011 | G56: =SUM(G54:G55) -> 20.638722 | H56: =SUM(H54:H55) -> 25.08207 | I56: =SUM(I54:I55) -> 18.782356 | R56: =SUM(J56:Q56) -> 0 | S56: =R56+I56 -> 18.782356 | T56: =(((I56/C56))^(1/5))-1 -> 0.18457437 | U56: =(((S56/I56))^(1/5))-1 -> 0
B57: Juice & Juice Drink | C57: =SUMIFS(AfO!D:D,AfO!$A:$A,$A$54,AfO!$B:$B,$B57)/1000 -> 14.695318 | D57: =SUMIFS(AfO!E:E,AfO!$A:$A,$A$54,AfO!$B:$B,$B57)/1000 -> 18.290896 | E57: =SUMIFS(AfO!F:F,AfO!$A:$A,$A$54,AfO!$B:$B,$B57)/1000 -> 22.552102 | F57: =SUMIFS(AfO!G:G,AfO!$A:$A,$A$54,AfO!$B:$B,$B57)/1000 -> 32.683358 | G57: =SUMIFS(AfO!H:H,AfO!$A:$A,$A$54,AfO!$B:$B,$B57)/1000 -> 36.694874 | H57: =SUMIFS(AfO!I:I,AfO!$A:$A,$A$54,AfO!$B:$B,$B57)/1000 -> 37.632672 | I57: =SUMIFS(AfO!J:J,AfO!$A:$A,$A$54,AfO!$B:$B,$B57)/1000 -> 31.646462 | R57: =SUM(J57:Q57) -> 0 | S57: =R57+I57 -> 31.646462 | T57: =(((I57/C57))^(1/5))-1 -> 0.16581392 | U57: =(((S57/I57))^(1/5))-1 -> 0
B58: Soft Drink | C58: =SUMIFS(AfO!D:D,AfO!$A:$A,$A$54,AfO!$B:$B,$B58)/1000 -> 21.248453 | D58: =SUMIFS(AfO!E:E,AfO!$A:$A,$A$54,AfO!$B:$B,$B58)/1000 -> 31.198941 | E58: =SUMIFS(AfO!F:F,AfO!$A:$A,$A$54,AfO!$B:$B,$B58)/1000 -> 50.240964 | F58: =SUMIFS(AfO!G:G,AfO!$A:$A,$A$54,AfO!$B:$B,$B58)/1000 -> 58.794103 | G58: =SUMIFS(AfO!H:H,AfO!$A:$A,$A$54,AfO!$B:$B,$B58)/1000 -> 71.475595 | H58: =SUMIFS(AfO!I:I,AfO!$A:$A,$A$54,AfO!$B:$B,$B58)/1000 -> 73.793575 | I58: =SUMIFS(AfO!J:J,AfO!$A:$A,$A$54,AfO!$B:$B,$B58)/1000 -> 67.656636 | R58: =SUM(J58:Q58) -> 0 | S58: =R58+I58 -> 67.656636 | T58: =(((I58/C58))^(1/5))-1 -> 0.26065606 | U58: =(((S58/I58))^(1/5))-1 -> 0
B59: Tea & Coffee | C59: =SUMIFS(AfO!D:D,AfO!$A:$A,$A$54,AfO!$B:$B,$B59)/1000 -> 0.1252666 | D59: =SUMIFS(AfO!E:E,AfO!$A:$A,$A$54,AfO!$B:$B,$B59)/1000 -> 0.08258548 | E59: =SUMIFS(AfO!F:F,AfO!$A:$A,$A$54,AfO!$B:$B,$B59)/1000 -> 0.50294454 | F59: =SUMIFS(AfO!G:G,AfO!$A:$A,$A$54,AfO!$B:$B,$B59)/1000 -> 0.72648342 | G59: =SUMIFS(AfO!H:H,AfO!$A:$A,$A$54,AfO!$B:$B,$B59)/1000 -> 2.7451564 | H59: =SUMIFS(AfO!I:I,AfO!$A:$A,$A$54,AfO!$B:$B,$B59)/1000 -> 12.087676 | I59: =SUMIFS(AfO!J:J,AfO!$A:$A,$A$54,AfO!$B:$B,$B59)/1000 -> 12.36207 | R59: =SUM(J59:Q59) -> 0 | S59: =R59+I59 -> 12.36207 | T59: =(((I59/C59))^(1/5))-1 -> 1.5052506 | U59: =(((S59/I59))^(1/5))-1 -> 0
B60: Non-Alc. Beverages | C60: =SUM(C57:C59) -> 36.069038 | D60: =SUM(D57:D59) -> 49.572422 | E60: =SUM(E57:E59) -> 73.29601 | F60: =SUM(F57:F59) -> 92.203944 | G60: =SUM(G57:G59) -> 110.91562 | H60: =SUM(H57:H59) -> 123.51392 | I60: =SUM(I57:I59) -> 111.66517 | R60: =SUM(J60:Q60) -> 0 | S60: =R60+I60 -> 111.66517 | T60: =(((I60/C60))^(1/5))-1 -> 0.25359322 | U60: =(((S60/I60))^(1/5))-1 -> 0
A61: EAPAC | B61: Result | C61: =SUMIFS(AfO!D:D,AfO!$A:$A,$A$54,AfO!$B:$B,$B61)/1000 -> 97.753191 | D61: =SUMIFS(AfO!E:E,AfO!$A:$A,$A$54,AfO!$B:$B,$B61)/1000 -> 117.14934 | E61: =SUMIFS(AfO!F:F,AfO!$A:$A,$A$54,AfO!$B:$B,$B61)/1000 -> 160.02137 | F61: =SUMIFS(AfO!G:G,AfO!$A:$A,$A$54,AfO!$B:$B,$B61)/1000 -> 195.3712 | G61: =SUMIFS(AfO!H:H,AfO!$A:$A,$A$54,AfO!$B:$B,$B61)/1000 -> 236.5264 | H61: =SUMIFS(AfO!I:I,AfO!$A:$A,$A$54,AfO!$B:$B,$B61)/1000 -> 280.75432 | I61: =SUMIFS(AfO!J:J,AfO!$A:$A,$A$54,AfO!$B:$B,$B61)/1000 -> 249.13757 | R61: =SUM(J61:Q61) -> 0 | S61: =R61+I61 -> 249.13757 | T61: =(((I61/C61))^(1/5))-1 -> 0.20576218 | U61: =(((S61/I61))^(1/5))-1 -> 0
A62: NA | B62: Brewery | C62: =SUMIFS(AfO!D:D,AfO!$A:$A,$A$62,AfO!$B:$B,$B62)/1000 -> 2.495038 | D62: =SUMIFS(AfO!E:E,AfO!$A:$A,$A$62,AfO!$B:$B,$B62)/1000 -> 13.938684 | E62: =SUMIFS(AfO!F:F,AfO!$A:$A,$A$62,AfO!$B:$B,$B62)/1000 -> 24.266513 | F62: =SUMIFS(AfO!G:G,AfO!$A:$A,$A$62,AfO!$B:$B,$B62)/1000 -> 24.317451 | G62: =SUMIFS(AfO!H:H,AfO!$A:$A,$A$62,AfO!$B:$B,$B62)/1000 -> 9.7101329 | H62: =SUMIFS(AfO!I:I,AfO!$A:$A,$A$62,AfO!$B:$B,$B62)/1000 -> 9.8251195 | I62: =SUMIFS(AfO!J:J,AfO!$A:$A,$A$62,AfO!$B:$B,$B62)/1000 -> 7.2285689 | R62: =SUM(J62:Q62) -> 0 | S62: =R62+I62 -> 7.2285689 | T62: =(((I62/C62))^(1/5))-1 -> 0.23707215 | U62: =(((S62/I62))^(1/5))-1 -> 0
B63: Cider, Wine & Spirit | C63: =SUMIFS(AfO!D:D,AfO!$A:$A,$A$62,AfO!$B:$B,$B63)/1000 -> 0.150882 | D63: =SUMIFS(AfO!E:E,AfO!$A:$A,$A$62,AfO!$B:$B,$B63)/1000 -> 0.29659476 | E63: =SUMIFS(AfO!F:F,AfO!$A:$A,$A$62,AfO!$B:$B,$B63)/1000 -> 2.0477227 | F63: =SUMIFS(AfO!G:G,AfO!$A:$A,$A$62,AfO!$B:$B,$B63)/1000 -> 2.3020987 | G63: =SUMIFS(AfO!H:H,AfO!$A:$A,$A$62,AfO!$B:$B,$B63)/1000 -> 0.8473424 | H63: =SUMIFS(AfO!I:I,AfO!$A:$A,$A$62,AfO!$B:$B,$B63)/1000 -> 2.2401385 | I63: =SUMIFS(AfO!J:J,AfO!$A:$A,$A$62,AfO!$B:$B,$B63)/1000 -> 1.2408739 | R63: =SUM(J63:Q63) -> 0 | S63: =R63+I63 -> 1.2408739 | T63: =(((I63/C63))^(1/5))-1 -> 0.52411608 | U63: =(((S63/I63))^(1/5))-1 -> 0
B64: Alc. Beverages | C64: =SUM(C62:C63) -> 2.64592 | D64: =SUM(D62:D63) -> 14.235278 | E64: =SUM(E62:E63) -> 26.314235 | F64: =SUM(F62:F63) -> 26.61955 | G64: =SUM(G62:G63) -> 10.557475 | H64: =SUM(H62:H63) -> 12.065258 | I64: =SUM(I62:I63) -> 8.4694428 | R64: =SUM(J64:Q64) -> 0 | S64: =R64+I64 -> 8.4694428 | T64: =(((I64/C64))^(1/5))-1 -> 0.26198916 | U64: =(((S64/I64))^(1/5))-1 -> 0
B65: Juice & Juice Drink | C65: =SUMIFS(AfO!D:D,AfO!$A:$A,$A$62,AfO!$B:$B,$B65)/1000 -> 56.809039 | D65: =SUMIFS(AfO!E:E,AfO!$A:$A,$A$62,AfO!$B:$B,$B65)/1000 -> 35.616016 | E65: =SUMIFS(AfO!F:F,AfO!$A:$A,$A$62,AfO!$B:$B,$B65)/1000 -> 51.734282 | F65: =SUMIFS(AfO!G:G,AfO!$A:$A,$A$62,AfO!$B:$B,$B65)/1000 -> 102.22304 | G65: =SUMIFS(AfO!H:H,AfO!$A:$A,$A$62,AfO!$B:$B,$B65)/1000 -> 132.48451 | H65: =SUMIFS(AfO!I:I,AfO!$A:$A,$A$62,AfO!$B:$B,$B65)/1000 -> 152.40068 | I65: =SUMIFS(AfO!J:J,AfO!$A:$A,$A$62,AfO!$B:$B,$B65)/1000 -> 150.14698 | R65: =SUM(J65:Q65) -> 0 | S65: =R65+I65 -> 150.14698 | T65: =(((I65/C65))^(1/5))-1 -> 0.2145624 | U65: =(((S65/I65))^(1/5))-1 -> 0
B66: Soft Drink | C66: =SUMIFS(AfO!D:D,AfO!$A:$A,$A$62,AfO!$B:$B,$B66)/1000 -> 16.5786 | D66: =SUMIFS(AfO!E:E,AfO!$A:$A,$A$62,AfO!$B:$B,$B66)/1000 -> 17.238389 | E66: =SUMIFS(AfO!F:F,AfO!$A:$A,$A$62,AfO!$B:$B,$B66)/1000 -> 31.174477 | F66: =SUMIFS(AfO!G:G,AfO!$A:$A,$A$62,AfO!$B:$B,$B66)/1000 -> 57.359295 | G66: =SUMIFS(AfO!H:H,AfO!$A:$A,$A$62,AfO!$B:$B,$B66)/1000 -> 46.510228 | H66: =SUMIFS(AfO!I:I,AfO!$A:$A,$A$62,AfO!$B:$B,$B66)/1000 -> 52.028696 | I66: =SUMIFS(AfO!J:J,AfO!$A:$A,$A$62,AfO!$B:$B,$B66)/1000 -> 39.786423 | R66: =SUM(J66:Q66) -> 0 | S66: =R66+I66 -> 39.786423 | T66: =(((I66/C66))^(1/5))-1 -> 0.19134462 | U66: =(((S66/I66))^(1/5))-1 -> 0
B67: Tea & Coffee | C67: =SUMIFS(AfO!D:D,AfO!$A:$A,$A$62,AfO!$B:$B,$B67)/1000 -> 10.702459 | D67: =SUMIFS(AfO!E:E,AfO!$A:$A,$A$62,AfO!$B:$B,$B67)/1000 -> 5.2922683 | E67: =SUMIFS(AfO!F:F,AfO!$A:$A,$A$62,AfO!$B:$B,$B67)/1000 -> 15.315605 | F67: =SUMIFS(AfO!G:G,AfO!$A:$A,$A$62,AfO!$B:$B,$B67)/1000 -> 4.0567264 | G67: =SUMIFS(AfO!H:H,AfO!$A:$A,$A$62,AfO!$B:$B,$B67)/1000 -> 3.1592459 | H67: =SUMIFS(AfO!I:I,AfO!$A:$A,$A$62,AfO!$B:$B,$B67)/1000 -> 5.4551881 | I67: =SUMIFS(AfO!J:J,AfO!$A:$A,$A$62,AfO!$B:$B,$B67)/1000 -> 3.122851 | R67: =SUM(J67:Q67) -> 0 | S67: =R67+I67 -> 3.122851 | T67: =(((I67/C67))^(1/5))-1 -> -0.21834783 | U67: =(((S67/I67))^(1/5))-1 -> 0
B68: Non-Alc. Beverages | C68: =SUM(C65:C67) -> 84.090099 | D68: =SUM(D65:D67) -> 58.146673 | E68: =SUM(E65:E67) -> 98.224365 | F68: =SUM(F65:F67) -> 163.63906 | G68: =SUM(G65:G67) -> 182.15399 | H68: =SUM(H65:H67) -> 209.88457 | I68: =SUM(I65:I67) -> 193.05626 | R68: =SUM(J68:Q68) -> 0 | S68: =R68+I68 -> 193.05626 | T68: =(((I68/C68))^(1/5))-1 -> 0.18083116 | U68: =(((S68/I68))^(1/5))-1 -> 0
A69: NA | B69: Result | C69: =SUMIFS(AfO!D:D,AfO!$A:$A,$A$62,AfO!$B:$B,$B69)/1000 -> 125.61136 | D69: =SUMIFS(AfO!E:E,AfO!$A:$A,$A$62,AfO!$B:$B,$B69)/1000 -> 123.63279 | E69: =SUMIFS(AfO!F:F,AfO!$A:$A,$A$62,AfO!$B:$B,$B69)/1000 -> 219.53569 | F69: =SUMIFS(AfO!G:G,AfO!$A:$A,$A$62,AfO!$B:$B,$B69)/1000 -> 319.75327 | G69: =SUMIFS(AfO!H:H,AfO!$A:$A,$A$62,AfO!$B:$B,$B69)/1000 -> 300.7961 | H69: =SUMIFS(AfO!I:I,AfO!$A:$A,$A$62,AfO!$B:$B,$B69)/1000 -> 410.89426 | I69: =SUMIFS(AfO!J:J,AfO!$A:$A,$A$62,AfO!$B:$B,$B69)/1000 -> 340.49567 | R69: =SUM(J69:Q69) -> 0 | S69: =R69+I69 -> 340.49567 | T69: =(((I69/C69))^(1/5))-1 -> 0.22072133 | U69: =(((S69/I69))^(1/5))-1 -> 0
A70: SA | B70: Brewery | C70: =SUMIFS(AfO!D:D,AfO!$A:$A,$A$70,AfO!$B:$B,$B70)/1000 -> 17.597071 | D70: =SUMIFS(AfO!E:E,AfO!$A:$A,$A$70,AfO!$B:$B,$B70)/1000 -> 18.486129 | E70: =SUMIFS(AfO!F:F,AfO!$A:$A,$A$70,AfO!$B:$B,$B70)/1000 -> 25.590261 | F70: =SUMIFS(AfO!G:G,AfO!$A:$A,$A$70,AfO!$B:$B,$B70)/1000 -> 32.501496 | G70: =SUMIFS(AfO!H:H,AfO!$A:$A,$A$70,AfO!$B:$B,$B70)/1000 -> 31.80295 | H70: =SUMIFS(AfO!I:I,AfO!$A:$A,$A$70,AfO!$B:$B,$B70)/1000 -> 35.669662 | I70: =SUMIFS(AfO!J:J,AfO!$A:$A,$A$70,AfO!$B:$B,$B70)/1000 -> 35.565337 | R70: =SUM(J70:Q70) -> 0 | S70: =R70+I70 -> 35.565337 | T70: =(((I70/C70))^(1/5))-1 -> 0.15111128 | U70: =(((S70/I70))^(1/5))-1 -> 0
B71: Cider, Wine & Spirit | C71: =SUMIFS(AfO!D:D,AfO!$A:$A,$A$70,AfO!$B:$B,$B71)/1000 -> 0.95192429 | D71: =SUMIFS(AfO!E:E,AfO!$A:$A,$A$70,AfO!$B:$B,$B71)/1000 -> 0.76651572 | E71: =SUMIFS(AfO!F:F,AfO!$A:$A,$A$70,AfO!$B:$B,$B71)/1000 -> 0.60980311 | F71: =SUMIFS(AfO!G:G,AfO!$A:$A,$A$70,AfO!$B:$B,$B71)/1000 -> 0.74722374 | G71: =SUMIFS(AfO!H:H,AfO!$A:$A,$A$70,AfO!$B:$B,$B71)/1000 -> 1.5760068 | H71: =SUMIFS(AfO!I:I,AfO!$A:$A,$A$70,AfO!$B:$B,$B71)/1000 -> 1.1846568 | I71: =SUMIFS(AfO!J:J,AfO!$A:$A,$A$70,AfO!$B:$B,$B71)/1000 -> 0.65054576 | R71: =SUM(J71:Q71) -> 0 | S71: =R71+I71 -> 0.65054576 | T71: =(((I71/C71))^(1/5))-1 -> -0.073308694 | U71: =(((S71/I71))^(1/5))-1 -> 0
B72: Alc. Beverages | C72: =SUM(C70:C71) -> 18.548995 | D72: =SUM(D70:D71) -> 19.252645 | E72: =SUM(E70:E71) -> 26.200064 | F72: =SUM(F70:F71) -> 33.24872 | G72: =SUM(G70:G71) -> 33.378957 | H72: =SUM(H70:H71) -> 36.854319 | I72: =SUM(I70:I71) -> 36.215882 | R72: =SUM(J72:Q72) -> 0 | S72: =R72+I72 -> 36.215882 | T72: =(((I72/C72))^(1/5))-1 -> 0.14318295 | U72: =(((S72/I72))^(1/5))-1 -> 0
B73: Juice & Juice Drink | C73: =SUMIFS(AfO!D:D,AfO!$A:$A,$A$70,AfO!$B:$B,$B73)/1000 -> 15.615907 | D73: =SUMIFS(AfO!E:E,AfO!$A:$A,$A$70,AfO!$B:$B,$B73)/1000 -> 9.4776454 | E73: =SUMIFS(AfO!F:F,AfO!$A:$A,$A$70,AfO!$B:$B,$B73)/1000 -> 19.131344 | F73: =SUMIFS(AfO!G:G,AfO!$A:$A,$A$70,AfO!$B:$B,$B73)/1000 -> 41.261268 | G73: =SUMIFS(AfO!H:H,AfO!$A:$A,$A$70,AfO!$B:$B,$B73)/1000 -> 14.66742 | H73: =SUMIFS(AfO!I:I,AfO!$A:$A,$A$70,AfO!$B:$B,$B73)/1000 -> 22.318272 | I73: =SUMIFS(AfO!J:J,AfO!$A:$A,$A$70,AfO!$B:$B,$B73)/1000 -> 20.406619 | R73: =SUM(J73:Q73) -> 0 | S73: =R73+I73 -> 20.406619 | T73: =(((I73/C73))^(1/5))-1 -> 0.054971602 | U73: =(((S73/I73))^(1/5))-1 -> 0
B74: Soft Drink | C74: =SUMIFS(AfO!D:D,AfO!$A:$A,$A$70,AfO!$B:$B,$B74)/1000 -> 12.810455 | D74: =SUMIFS(AfO!E:E,AfO!$A:$A,$A$70,AfO!$B:$B,$B74)/1000 -> 8.6216046 | E74: =SUMIFS(AfO!F:F,AfO!$A:$A,$A$70,AfO!$B:$B,$B74)/1000 -> 9.2807767 | F74: =SUMIFS(AfO!G:G,AfO!$A:$A,$A$70,AfO!$B:$B,$B74)/1000 -> 11.631051 | G74: =SUMIFS(AfO!H:H,AfO!$A:$A,$A$70,AfO!$B:$B,$B74)/1000 -> 12.816325 | H74: =SUMIFS(AfO!I:I,AfO!$A:$A,$A$70,AfO!$B:$B,$B74)/1000 -> 17.624341 | I74: =SUMIFS(AfO!J:J,AfO!$A:$A,$A$70,AfO!$B:$B,$B74)/1000 -> 12.369089 | R74: =SUM(J74:Q74) -> 0 | S74: =R74+I74 -> 12.369089 | T74: =(((I74/C74))^(1/5))-1 -> -0.0069876812 | U74: =(((S74/I74))^(1/5))-1 -> 0
B75: Tea & Coffee | C75: =SUMIFS(AfO!D:D,AfO!$A:$A,$A$70,AfO!$B:$B,$B75)/1000 -> 0.0387768 | D75: =SUMIFS(AfO!E:E,AfO!$A:$A,$A$70,AfO!$B:$B,$B75)/1000 -> 0.03007941 | E75: =SUMIFS(AfO!F:F,AfO!$A:$A,$A$70,AfO!$B:$B,$B75)/1000 -> 0.03479885 | F75: =SUMIFS(AfO!G:G,AfO!$A:$A,$A$70,AfO!$B:$B,$B75)/1000 -> 0.07403521 | G75: =SUMIFS(AfO!H:H,AfO!$A:$A,$A$70,AfO!$B:$B,$B75)/1000 -> 0.05033619 | H75: =SUMIFS(AfO!I:I,AfO!$A:$A,$A$70,AfO!$B:$B,$B75)/1000 -> 0.11766834 | I75: =SUMIFS(AfO!J:J,AfO!$A:$A,$A$70,AfO!$B:$B,$B75)/1000 -> 0.048551352 | R75: =SUM(J75:Q75) -> 0 | S75: =R75+I75 -> 0.048551352 | T75: =(((I75/C75))^(1/5))-1 -> 0.045986 | U75: =(((S75/I75))^(1/5))-1 -> 0
B76: Non-Alc. Beverages | C76: =SUM(C73:C75) -> 28.465138 | D76: =SUM(D73:D75) -> 18.129329 | E76: =SUM(E73:E75) -> 28.44692 | F76: =SUM(F73:F75) -> 52.966354 | G76: =SUM(G73:G75) -> 27.534082 | H76: =SUM(H73:H75) -> 40.060282 | I76: =SUM(I73:I75) -> 32.82426 | R76: =SUM(J76:Q76) -> 0 | S76: =R76+I76 -> 32.82426 | T76: =(((I76/C76))^(1/5))-1 -> 0.028907489 | U76: =(((S76/I76))^(1/5))-1 -> 0
A77: SA | B77: Result | C77: =SUMIFS(AfO!D:D,AfO!$A:$A,$A$70,AfO!$B:$B,$B77)/1000 -> 91.900906 | D77: =SUMIFS(AfO!E:E,AfO!$A:$A,$A$70,AfO!$B:$B,$B77)/1000 -> 72.307948 | E77: =SUMIFS(AfO!F:F,AfO!$A:$A,$A$70,AfO!$B:$B,$B77)/1000 -> 85.152506 | F77: =SUMIFS(AfO!G:G,AfO!$A:$A,$A$70,AfO!$B:$B,$B77)/1000 -> 122.5631 | G77: =SUMIFS(AfO!H:H,AfO!$A:$A,$A$70,AfO!$B:$B,$B77)/1000 -> 99.88517 | H77: =SUMIFS(AfO!I:I,AfO!$A:$A,$A$70,AfO!$B:$B,$B77)/1000 -> 123.39882 | I77: =SUMIFS(AfO!J:J,AfO!$A:$A,$A$70,AfO!$B:$B,$B77)/1000 -> 105.30092 | R77: =SUM(J77:Q77) -> 0 | S77: =R77+I77 -> 105.30092 | T77: =(((I77/C77))^(1/5))-1 -> 0.027596168 | U77: =(((S77/I77))^(1/5))-1 -> 0

Sheet X5 Template Goals - Tab 1
L1: Please fill in the yellow fields with your growth targets for X5 (2024 - 2029) - No final values for 2029. They will be calculated (column AE) based on your growth targets! | AO1: For your reference:
L2: X5 Targets (GROWTH VALUE) | U2: X5 Targets (GROWTH VALUE) | AJ2: Sales Results - MS Beverage | AO2: FY Bud 2024
L3: B2C Applications Beverage | U3: B2C Applications Food | AO3: B2C Applications Beverage + Food | BK3: B2C Applications Beverage
B4: Gross Sales ['mio. €] | D4: FY 2019 | E4: FY 2020 | F4: FY 2021 | G4: FY 2022 | H4: FY 2023 | I4: RunRate 2024 | J4: BUD 2024 | K4: Historic Development '19 - '24 RR | L4: Beer & Malt Bev. | M4: Cider, Wine, Spirits | N4: Instant & Dry Bev. | O4: Juices & Juice Drnks | P4: Soft Drinks & Waters | Q4: Sports,Ener,FuncDrnk | R4: Syrups | S4: Tea & Coffee Drinks | U4: All Other Food | V4: Bakery | W4: Cereals & Snacks | X4: Confectionery | Y4: Culinary | Z4: Dairy & Ice Cream | AA4: Functional Food | AB4: Plantbsd Dairy & Ice | AC4: Babyfood | AD4: X5 Growth | AE4: FY 2029 (est.) | AF4: CAGR '19 - '24 | AG4: CAGR '24 - '29 | AH4: X5 Trend | AJ4: Comments | AL4: Gross Sales ['mio. €] | AO4: Beer & Malt Bev. | AP4: Cider, Wine, Spirits | AQ4: Instant & Dry Bev. | AR4: Juices & Juice Drnks | AS4: Soft Drinks & Waters | AT4: Sports,Ener,FuncDrnk | AU4: Syrups | AV4: Tea & Coffee Drinks | AW4: BUD Beverage Appl. | AX4: All Other Food | AY4: Bakery | AZ4: Cereals & Snacks | BA4: Confectionery | BB4: Culinary | BC4: Dairy & Ice Cream | BD4: Functional Food | BE4: Plantbsd Dairy & Ice | BF4: Babyfood | BG4: BUD Food Appl. | BH4: B2C Non-Food | BI4: Total BUD | BK4: Beer & Malt Bev. | BL4: Cider, Wine, Spirits | BM4: Instant & Dry Bev. | BN4: Juices & Juice Drnks | BO4: Soft Drinks & Waters | BP4: Sports,Ener,FuncDrnk | BQ4: Syrups | BR4: Tea & Coffee Drinks | BS4: Result
K5: FY 2029 (est.) | L5: =(SUMIFS('Sales 2019 - 2024'!$L:$L,'Sales 2019 - 2024'!$J:$J,L$4,'Sales 2019 - 2024'!$K:$K,"Result")/1000)+L16 -> 163.92338 | M5: =(SUMIFS('Sales 2019 - 2024'!$L:$L,'Sales 2019 - 2024'!$J:$J,M$4,'Sales 2019 - 2024'!$K:$K,"Result")/1000)+M16 -> 183.24258 | N5: =(SUMIFS('Sales 2019 - 2024'!$L:$L,'Sales 2019 - 2024'!$J:$J,N$4,'Sales 2019 - 2024'!$K:$K,"Result")/1000)+N16 -> 93.893566 | O5: =(SUMIFS('Sales 2019 - 2024'!$L:$L,'Sales 2019 - 2024'!$J:$J,O$4,'Sales 2019 - 2024'!$K:$K,"Result")/1000)+O16 -> 2299.0323 | P5: =(SUMIFS('Sales 2019 - 2024'!$L:$L,'Sales 2019 - 2024'!$J:$J,P$4,'Sales 2019 - 2024'!$K:$K,"Result")/1000)+P16 -> 797.87909 | Q5: =(SUMIFS('Sales 2019 - 2024'!$L:$L,'Sales 2019 - 2024'!$J:$J,Q$4,'Sales 2019 - 2024'!$K:$K,"Result")/1000)+Q16 -> 488.98113 | R5: =(SUMIFS('Sales 2019 - 2024'!$L:$L,'Sales 2019 - 2024'!$J:$J,R$4,'Sales 2019 - 2024'!$K:$K,"Result")/1000)+R16 -> 207.52945 | S5: =(SUMIFS('Sales 2019 - 2024'!$L:$L,'Sales 2019 - 2024'!$J:$J,S$4,'Sales 2019 - 2024'!$K:$K,"Result")/1000)+S16 -> 178.62952 | U5: =(SUMIFS('Sales 2019 - 2024'!$L:$L,'Sales 2019 - 2024'!$J:$J,U$4,'Sales 2019 - 2024'!$K:$K,"Result")/1000)+U16 -> 124.78319 | V5: =(SUMIFS('Sales 2019 - 2024'!$L:$L,'Sales 2019 - 2024'!$J:$J,V$4,'Sales 2019 - 2024'!$K:$K,"Result")/1000)+V16 -> 153.03018 | W5: =(SUMIFS('Sales 2019 - 2024'!$L:$L,'Sales 2019 - 2024'!$J:$J,W$4,'Sales 2019 - 2024'!$K:$K,"Result")/1000)+W16 -> 192.98345 | X5: =(SUMIFS('Sales 2019 - 2024'!$L:$L,'Sales 2019 - 2024'!$J:$J,X$4,'Sales 2019 - 2024'!$K:$K,"Result")/1000)+X16 -> 90.367644 | Y5: =(SUMIFS('Sales 2019 - 2024'!$L:$L,'Sales 2019 - 2024'!$J:$J,Y$4,'Sales 2019 - 2024'!$K:$K,"Result")/1000)+Y16 -> 84.82017 | Z5: =(SUMIFS('Sales 2019 - 2024'!$L:$L,'Sales 2019 - 2024'!$J:$J,Z$4,'Sales 2019 - 2024'!$K:$K,"Result")/1000)+Z16 -> 356.69715 | AA5: =(SUMIFS('Sales 2019 - 2024'!$L:$L,'Sales 2019 - 2024'!$J:$J,AA$4,'Sales 2019 - 2024'!$K:$K,"Result")/1000)+AA16 -> 51.710365 | AB5: =(SUMIFS('Sales 2019 - 2024'!$L:$L,'Sales 2019 - 2024'!$J:$J,AB$4,'Sales 2019 - 2024'!$K:$K,"Result")/1000)+AB16 -> 217.37622 | AC5: =(SUMIFS('Sales 2019 - 2024'!$L:$L,'Sales 2019 - 2024'!$J:$J,AC$4,'Sales 2019 - 2024'!$K:$K,"Result")/1000)+AC16 -> 45 | AF5: Doubled Sales in 5 years
K6: Market Potential | L6: =SUMIFS('Market Potential'!$E:$E,'Market Potential'!$D:$D,'X5 Template Goals - Tab 1'!L$4)/1000 -> 336.503 | M6: =SUMIFS('Market Potential'!$E:$E,'Market Potential'!$D:$D,'X5 Template Goals - Tab 1'!M$4)/1000 -> 2067.045 | N6: =SUMIFS('Market Potential'!$E:$E,'Market Potential'!$D:$D,'X5 Template Goals - Tab 1'!N$4)/1000 -> 431.958 | O6: =SUMIFS('Market Potential'!$E:$E,'Market Potential'!$D:$D,'X5 Template Goals - Tab 1'!O$4)/1000 -> 17024.109 | P6: =SUMIFS('Market Potential'!$E:$E,'Market Potential'!$D:$D,'X5 Template Goals - Tab 1'!P$4)/1000 -> 7355.962 | Q6: =SUMIFS('Market Potential'!$E:$E,'Market Potential'!$D:$D,'X5 Template Goals - Tab 1'!Q$4)/1000 -> 1636.8 | R6: =SUMIFS('Market Potential'!$E:$E,'Market Potential'!$D:$D,'X5 Template Goals - Tab 1'!R$4)/1000 -> 204.088 | S6: =SUMIFS('Market Potential'!$E:$E,'Market Potential'!$D:$D,'X5 Template Goals - Tab 1'!S$4)/1000 -> 731.042 | U6: =SUMIFS('Market Potential'!$E:$E,'Market Potential'!$D:$D,'X5 Template Goals - Tab 1'!U$4)/1000 -> 1026.732 | V6: =SUMIFS('Market Potential'!$E:$E,'Market Potential'!$D:$D,'X5 Template Goals - Tab 1'!V$4)/1000 -> 1910.51 | W6: =SUMIFS('Market Potential'!$E:$E,'Market Potential'!$D:$D,'X5 Template Goals - Tab 1'!W$4)/1000 -> 3812.446 | X6: =SUMIFS('Market Potential'!$E:$E,'Market Potential'!$D:$D,'X5 Template Goals - Tab 1'!X$4)/1000 -> 1558.853 | Y6: =SUMIFS('Market Potential'!$E:$E,'Market Potential'!$D:$D,'X5 Template Goals - Tab 1'!Y$4)/1000 -> 6787.163 | Z6: =SUMIFS('Market Potential'!$E:$E,'Market Potential'!$D:$D,'X5 Template Goals - Tab 1'!Z$4)/1000 -> 4562.299 | AA6: =SUMIFS('Market Potential'!$E:$E,'Market Potential'!$D:$D,'X5 Template Goals - Tab 1'!AA$4)/1000 -> 56.947 | AB6: =SUMIFS('Market Potential'!$E:$E,'Market Potential'!$D:$D,'X5 Template Goals - Tab 1'!AB$4)/1000 -> 802.208 | AC6: =SUMIFS('Market Potential'!$E:$E,'Market Potential'!$D:$D,'X5 Template Goals - Tab 1'!AC$4)/1000 -> 12.111 | AF6: = CAGR of 15%
C7: Region | D7: *mio. € | L7: *mio. € | AD7: *mio. € | AF7: % | AG7: % | AL7: Region | AO7: *mio. € | BK7: *mio. € | BL7: *mio. € | BM7: *mio. € | BN7: *mio. € | BO7: *mio. € | BP7: *mio. € | BQ7: *mio. € | BR7: *mio. € | BS7: *mio. €
A8: Result | B8: Group | C8: EUR | D8: =SUMIFS(AfO!D:D,AfO!$A:$A,$C8,AfO!$B:$B,$A8)/1000 -> 1002.3255 | E8: =SUMIFS(AfO!E:E,AfO!$A:$A,$C8,AfO!$B:$B,$A8)/1000 -> 1027.1281 | F8: =SUMIFS(AfO!F:F,AfO!$A:$A,$C8,AfO!$B:$B,$A8)/1000 -> 1132.78 | G8: =SUMIFS(AfO!G:G,AfO!$A:$A,$C8,AfO!$B:$B,$A8)/1000 -> 1334.6647 | H8: =SUMIFS(AfO!H:H,AfO!$A:$A,$C8,AfO!$B:$B,$A8)/1000 -> 1427.9009 | I8: =SUMIFS(AfO!J:J,AfO!$A:$A,$C8,AfO!$B:$B,$A8)/1000 -> 1658.2837 | J8: =SUMIFS(AfO!I:I,AfO!$A:$A,$C8,AfO!$B:$B,$A8)/1000 -> 1623.8557 | L8: =SUM(L39,L49,L69,L79,L89,L221,L231,L241,L251,L272,L282,L292,L302,L312,L120,L130) -> 14 | M8: =SUM(M39,M49,M69,M79,M89,M221,M231,M241,M251,M272,M282,M292,M302,M312,M120,M130) -> 15 | N8: =SUM(N39,N49,N69,N79,N89,N221,N231,N241,N251,N272,N282,N292,N302,N312,N120,N130) -> 15 | O8: =SUM(O39,O49,O69,O79,O89,O221,O231,O241,O251,O272,O282,O292,O302,O312,O120,O130) -> 189.74254 | P8: =SUM(P39,P49,P69,P79,P89,P221,P231,P241,P251,P272,P282,P292,P302,P312,P120,P130) -> 85.984577 | Q8: =SUM(Q39,Q49,Q69,Q79,Q89,Q221,Q231,Q241,Q251,Q272,Q282,Q292,Q302,Q312,Q120,Q130) -> 34.937025 | R8: =SUM(R39,R49,R69,R79,R89,R221,R231,R241,R251,R272,R282,R292,R302,R312,R120,R130) -> 28 | S8: =SUM(S39,S49,S69,S79,S89,S221,S231,S241,S251,S272,S282,S292,S302,S312,S120,S130) -> 29.4881 | U8: =SUM(U120,U130,U150,U160,U170,U180,U190,U221,U231,U241,U251,U272,U282,U292,U302,U312,U200) -> 10 | V8: =SUM(V120,V130,V150,V160,V170,V180,V190,V221,V231,V241,V251,V272,V282,V292,V302,V312,V200) -> 22 | W8: =SUM(W120,W130,W150,W160,W170,W180,W190,W221,W231,W241,W251,W272,W282,W292,W302,W312,W200) -> 28 | X8: =SUM(X120,X130,X150,X160,X170,X180,X190,X221,X231,X241,X251,X272,X282,X292,X302,X312,X200) -> 18 | Y8: =SUM(Y120,Y130,Y150,Y160,Y170,Y180,Y190,Y221,Y231,Y241,Y251,Y272,Y282,Y292,Y302,Y312,Y200) -> 15 | Z8: =SUM(Z120,Z130,Z150,Z160,Z170,Z180,Z190,Z221,Z231,Z241,Z251,Z272,Z282,Z292,Z302,Z312,Z200) -> 53 | AA8: =SUM(AA120,AA130,AA150,AA160,AA170,AA180,AA190,AA221,AA231,AA241,AA251,AA272,AA282,AA292,AA302,AA312,AA200) -> 24 | AB8: =SUM(AB120,AB130,AB150,AB160,AB170,AB180,AB190,AB221,AB231,AB241,AB251,AB272,AB282,AB292,AB302,AB312,AB200) -> 49 | AC8: =SUM(AC120,AC130,AC150,AC160,AC170,AC180,AC190,AC221,AC231,AC241,AC251,AC272,AC282,AC292,AC302,AC312,AC200) -> 10 | AD8: =SUM(L8:AC8) -> 641.15225 | AE8: =AD8+J8 -> 2265.008 | AF8: =(((J8/D8))^(1/5))-1 -> 0.10130531 | AG8: =(((AE8/J8))^(1/5))-1 -> 0.068819721 | AH8: {=_xlfn.IFS(AG8>=(AF8+0.01),1,AG8>=(AF8-0.01),0,AG8<=(AF8-0.01),-1)} -> -1 | AL8: Group | AM8: EUR | AO8: =SUMIFS('Sales 2019 - 2024'!$E:$E,'Sales 2019 - 2024'!$A:$A,$C8,'Sales 2019 - 2024'!$B:$B,$AO$2,'Sales 2019 - 2024'!$C:$C,AO$4,'Sales 2019 - 2024'!$D:$D,$A8) -> 55668.739 | AP8: =SUMIFS('Sales 2019 - 2024'!$E:$E,'Sales 2019 - 2024'!$A:$A,$C8,'Sales 2019 - 2024'!$B:$B,$AO$2,'Sales 2019 - 2024'!$C:$C,AP$4,'Sales 2019 - 2024'!$D:$D,$A8) -> 82536.655 | AQ8: =SUMIFS('Sales 2019 - 2024'!$E:$E,'Sales 2019 - 2024'!$A:$A,$C8,'Sales 2019 - 2024'!$B:$B,$AO$2,'Sales 2019 - 2024'!$C:$C,AQ$4,'Sales 2019 - 2024'!$D:$D,$A8) -> 10375.835 | AR8: =SUMIFS('Sales 2019 - 2024'!$E:$E,'Sales 2019 - 2024'!$A:$A,$C8,'Sales 2019 - 2024'!$B:$B,$AO$2,'Sales 2019 - 2024'!$C:$C,AR$4,'Sales 2019 - 2024'!$D:$D,$A8) -> 675735.92 | AS8: =SUMIFS('Sales 2019 - 2024'!$E:$E,'Sales 2019 - 2024'!$A:$A,$C8,'Sales 2019 - 2024'!$B:$B,$AO$2,'Sales 2019 - 2024'!$C:$C,AS$4,'Sales 2019 - 2024'!$D:$D,$A8) -> 174604.79 | AT8: =SUMIFS('Sales 2019 - 2024'!$E:$E,'Sales 2019 - 2024'!$A:$A,$C8,'Sales 2019 - 2024'!$B:$B,$AO$2,'Sales 2019 - 2024'!$C:$C,AT$4,'Sales 2019 - 2024'!$D:$D,$A8) -> 66654.088 | AU8: =SUMIFS('Sales 2019 - 2024'!$E:$E,'Sales 2019 - 2024'!$A:$A,$C8,'Sales 2019 - 2024'!$B:$B,$AO$2,'Sales 2019 - 2024'!$C:$C,AU$4,'Sales 2019 - 2024'!$D:$D,$A8) -> 18973.193 | AV8: =SUMIFS('Sales 2019 - 2024'!$E:$E,'Sales 2019 - 2024'!$A:$A,$C8,'Sales 2019 - 2024'!$B:$B,$AO$2,'Sales 2019 - 2024'!$C:$C,AV$4,'Sales 2019 - 2024'!$D:$D,$A8) -> 33554.98 | AW8: =SUM(AO8:AV8) -> 1118104.2 | AX8: =SUMIFS('Sales 2019 - 2024'!$E:$E,'Sales 2019 - 2024'!$A:$A,$C8,'Sales 2019 - 2024'!$B:$B,$AO$2,'Sales 2019 - 2024'!$C:$C,AX$4,'Sales 2019 - 2024'!$D:$D,$A8) -> 36256.867 | AY8: =SUMIFS('Sales 2019 - 2024'!$E:$E,'Sales 2019 - 2024'!$A:$A,$C8,'Sales 2019 - 2024'!$B:$B,$AO$2,'Sales 2019 - 2024'!$C:$C,AY$4,'Sales 2019 - 2024'!$D:$D,$A8) -> 62254.303 | AZ8: =SUMIFS('Sales 2019 - 2024'!$E:$E,'Sales 2019 - 2024'!$A:$A,$C8,'Sales 2019 - 2024'!$B:$B,$AO$2,'Sales 2019 - 2024'!$C:$C,AZ$4,'Sales 2019 - 2024'!$D:$D,$A8) -> 16682.049 | BA8: =SUMIFS('Sales 2019 - 2024'!$E:$E,'Sales 2019 - 2024'!$A:$A,$C8,'Sales 2019 - 2024'!$B:$B,$AO$2,'Sales 2019 - 2024'!$C:$C,BA$4,'Sales 2019 - 2024'!$D:$D,$A8) -> 21299.048 | BB8: =SUMIFS('Sales 2019 - 2024'!$E:$E,'Sales 2019 - 2024'!$A:$A,$C8,'Sales 2019 - 2024'!$B:$B,$AO$2,'Sales 2019 - 2024'!$C:$C,BB$4,'Sales 2019 - 2024'!$D:$D,$A8) -> 6276.9496 | BC8: =SUMIFS('Sales 2019 - 2024'!$E:$E,'Sales 2019 - 2024'!$A:$A,$C8,'Sales 2019 - 2024'!$B:$B,$AO$2,'Sales 2019 - 2024'!$C:$C,BC$4,'Sales 2019 - 2024'!$D:$D,$A8) -> 94885.463 | BD8: =SUMIFS('Sales 2019 - 2024'!$E:$E,'Sales 2019 - 2024'!$A:$A,$C8,'Sales 2019 - 2024'!$B:$B,$AO$2,'Sales 2019 - 2024'!$C:$C,BD$4,'Sales 2019 - 2024'!$D:$D,$A8) -> 3143.4518 | BE8: =SUMIFS('Sales 2019 - 2024'!$E:$E,'Sales 2019 - 2024'!$A:$A,$C8,'Sales 2019 - 2024'!$B:$B,$AO$2,'Sales 2019 - 2024'!$C:$C,BE$4,'Sales 2019 - 2024'!$D:$D,$A8) -> 67840.397 | BF8: =SUMIFS('Sales 2019 - 2024'!$E:$E,'Sales 2019 - 2024'!$A:$A,$C8,'Sales 2019 - 2024'!$B:$B,$AO$2,'Sales 2019 - 2024'!$C:$C,BF$4,'Sales 2019 - 2024'!$D:$D,$A8) -> 0 | BG8: =SUM(AX8:BF8) -> 308638.53 | BH8: =BI8-BG8-AW8 -> 197113.01 | BI8: =SUMIFS('Sales 2019 - 2024'!P:P,'Sales 2019 - 2024'!N:N,'X5 Template Goals - Tab 1'!AM8) -> 1623855.7 | BJ8: =J8*1000=BI8 -> TRUE | BS8: =SUM(BK8:BR8) -> 0
A9: Result | C9: CIS | D9: =SUMIFS(AfO!D:D,AfO!$A:$A,$C9,AfO!$B:$B,$A9)/1000 -> 134.48379 | E9: =SUMIFS(AfO!E:E,AfO!$A:$A,$C9,AfO!$B:$B,$A9)/1000 -> 153.57053 | F9: =SUMIFS(AfO!F:F,AfO!$A:$A,$C9,AfO!$B:$B,$A9)/1000 -> 190.21406 | G9: =SUMIFS(AfO!G:G,AfO!$A:$A,$C9,AfO!$B:$B,$A9)/1000 -> 254.85824 | H9: =SUMIFS(AfO!H:H,AfO!$A:$A,$C9,AfO!$B:$B,$A9)/1000 -> 286.46813 | I9: =SUMIFS(AfO!J:J,AfO!$A:$A,$C9,AfO!$B:$B,$A9)/1000 -> 292.76585 | J9: =SUMIFS(AfO!I:I,AfO!$A:$A,$C9,AfO!$B:$B,$A9)/1000 -> 303.1095 | L9: =SUM(L40,L50,L70,L80,L90,L222,L232,L242,L252,L273,L283,L293,L303,L313,L121,L131) -> 6 | M9: =SUM(M40,M50,M70,M80,M90,M222,M232,M242,M252,M273,M283,M293,M303,M313,M121,M131) -> 7 | N9: =SUM(N40,N50,N70,N80,N90,N222,N232,N242,N252,N273,N283,N293,N303,N313,N121,N131) -> 0 | O9: =SUM(O40,O50,O70,O80,O90,O222,O232,O242,O252,O273,O283,O293,O303,O313,O121,O131) -> 48 | P9: =SUM(P40,P50,P70,P80,P90,P222,P232,P242,P252,P273,P283,P293,P303,P313,P121,P131) -> 21.159186 | Q9: =SUM(Q40,Q50,Q70,Q80,Q90,Q222,Q232,Q242,Q252,Q273,Q283,Q293,Q303,Q313,Q121,Q131) -> 22 | R9: =SUM(R40,R50,R70,R80,R90,R222,R232,R242,R252,R273,R283,R293,R303,R313,R121,R131) -> 4 | S9: =SUM(S40,S50,S70,S80,S90,S222,S232,S242,S252,S273,S283,S293,S303,S313,S121,S131) -> 4 | U9: =SUM(U121,U131,U151,U161,U171,U181,U191,U222,U232,U242,U252,U273,U283,U293,U303,U313,U201) -> 2 | V9: =SUM(V121,V131,V151,V161,V171,V181,V191,V222,V232,V242,V252,V273,V283,V293,V303,V313,V201) -> 3 | W9: =SUM(W121,W131,W151,W161,W171,W181,W191,W222,W232,W242,W252,W273,W283,W293,W303,W313,W201) -> 5 | X9: =SUM(X121,X131,X151,X161,X171,X181,X191,X222,X232,X242,X252,X273,X283,X293,X303,X313,X201) -> 7 | Y9: =SUM(Y121,Y131,Y151,Y161,Y171,Y181,Y191,Y222,Y232,Y242,Y252,Y273,Y283,Y293,Y303,Y313,Y201) -> 3 | Z9: =SUM(Z121,Z131,Z151,Z161,Z171,Z181,Z191,Z222,Z232,Z242,Z252,Z273,Z283,Z293,Z303,Z313,Z201) -> 11 | AA9: =SUM(AA121,AA131,AA151,AA161,AA171,AA181,AA191,AA222,AA232,AA242,AA252,AA273,AA283,AA293,AA303,AA313,AA201) -> 0 | AB9: =SUM(AB121,AB131,AB151,AB161,AB171,AB181,AB191,AB222,AB232,AB242,AB252,AB273,AB283,AB293,AB303,AB313,AB201) -> 2 | AC9: =SUM(AC121,AC131,AC151,AC161,AC171,AC181,AC191,AC222,AC232,AC242,AC252,AC273,AC283,AC293,AC303,AC313,AC201) -> 10 | AD9: =SUM(L9:AC9) -> 155.15919 | AE9: =AD9+J9 -> 458.26869 | AF9: =(((J9/D9))^(1/5))-1 -> 0.17648372 | AG9: =(((AE9/J9))^(1/5))-1 -> 0.086185815 | AH9: {=_xlfn.IFS(AG9>=(AF9+0.01),1,AG9>=(AF9-0.01),0,AG9<=(AF9-0.01),-1)} -> -1 | AM9: CIS | AO9: =SUMIFS('Sales 2019 - 2024'!$E:$E,'Sales 2019 - 2024'!$A:$A,$C9,'Sales 2019 - 2024'!$B:$B,$AO$2,'Sales 2019 - 2024'!$C:$C,AO$4,'Sales 2019 - 2024'!$D:$D,$A9) -> 6730.9622 | AP9: =SUMIFS('Sales 2019 - 2024'!$E:$E,'Sales 2019 - 2024'!$A:$A,$C9,'Sales 2019 - 2024'!$B:$B,$AO$2,'Sales 2019 - 2024'!$C:$C,AP$4,'Sales 2019 - 2024'!$D:$D,$A9) -> 11405.131 | AQ9: =SUMIFS('Sales 2019 - 2024'!$E:$E,'Sales 2019 - 2024'!$A:$A,$C9,'Sales 2019 - 2024'!$B:$B,$AO$2,'Sales 2019 - 2024'!$C:$C,AQ$4,'Sales 2019 - 2024'!$D:$D,$A9) -> 1.7273 | AR9: =SUMIFS('Sales 2019 - 2024'!$E:$E,'Sales 2019 - 2024'!$A:$A,$C9,'Sales 2019 - 2024'!$B:$B,$AO$2,'Sales 2019 - 2024'!$C:$C,AR$4,'Sales 2019 - 2024'!$D:$D,$A9) -> 115767.87 | AS9: =SUMIFS('Sales 2019 - 2024'!$E:$E,'Sales 2019 - 2024'!$A:$A,$C9,'Sales 2019 - 2024'!$B:$B,$AO$2,'Sales 2019 - 2024'!$C:$C,AS$4,'Sales 2019 - 2024'!$D:$D,$A9) -> 48297.448 | AT9: =SUMIFS('Sales 2019 - 2024'!$E:$E,'Sales 2019 - 2024'!$A:$A,$C9,'Sales 2019 - 2024'!$B:$B,$AO$2,'Sales 2019 - 2024'!$C:$C,AT$4,'Sales 2019 - 2024'!$D:$D,$A9) -> 58925.76 | AU9: =SUMIFS('Sales 2019 - 2024'!$E:$E,'Sales 2019 - 2024'!$A:$A,$C9,'Sales 2019 - 2024'!$B:$B,$AO$2,'Sales 2019 - 2024'!$C:$C,AU$4,'Sales 2019 - 2024'!$D:$D,$A9) -> 558.37147 | AV9: =SUMIFS('Sales 2019 - 2024'!$E:$E,'Sales 2019 - 2024'!$A:$A,$C9,'Sales 2019 - 2024'!$B:$B,$AO$2,'Sales 2019 - 2024'!$C:$C,AV$4,'Sales 2019 - 2024'!$D:$D,$A9) -> 6253.5185 | AW9: =SUM(AO9:AV9) -> 247940.79 | AX9: =SUMIFS('Sales 2019 - 2024'!$E:$E,'Sales 2019 - 2024'!$A:$A,$C9,'Sales 2019 - 2024'!$B:$B,$AO$2,'Sales 2019 - 2024'!$C:$C,AX$4,'Sales 2019 - 2024'!$D:$D,$A9) -> 5469.8859 | AY9: =SUMIFS('Sales 2019 - 2024'!$E:$E,'Sales 2019 - 2024'!$A:$A,$C9,'Sales 2019 - 2024'!$B:$B,$AO$2,'Sales 2019 - 2024'!$C:$C,AY$4,'Sales 2019 - 2024'!$D:$D,$A9) -> 5568.3753 | AZ9: =SUMIFS('Sales 2019 - 2024'!$E:$E,'Sales 2019 - 2024'!$A:$A,$C9,'Sales 2019 - 2024'!$B:$B,$AO$2,'Sales 2019 - 2024'!$C:$C,AZ$4,'Sales 2019 - 2024'!$D:$D,$A9) -> 251.01261 | BA9: =SUMIFS('Sales 2019 - 2024'!$E:$E,'Sales 2019 - 2024'!$A:$A,$C9,'Sales 2019 - 2024'!$B:$B,$AO$2,'Sales 2019 - 2024'!$C:$C,BA$4,'Sales 2019 - 2024'!$D:$D,$A9) -> 3755.4264 | BB9: =SUMIFS('Sales 2019 - 2024'!$E:$E,'Sales 2019 - 2024'!$A:$A,$C9,'Sales 2019 - 2024'!$B:$B,$AO$2,'Sales 2019 - 2024'!$C:$C,BB$4,'Sales 2019 - 2024'!$D:$D,$A9) -> 950.45401 | BC9: =SUMIFS('Sales 2019 - 2024'!$E:$E,'Sales 2019 - 2024'!$A:$A,$C9,'Sales 2019 - 2024'!$B:$B,$AO$2,'Sales 2019 - 2024'!$C:$C,BC$4,'Sales 2019 - 2024'!$D:$D,$A9) -> 13701.044 | BD9: =SUMIFS('Sales 2019 - 2024'!$E:$E,'Sales 2019 - 2024'!$A:$A,$C9,'Sales 2019 - 2024'!$B:$B,$AO$2,'Sales 2019 - 2024'!$C:$C,BD$4,'Sales 2019 - 2024'!$D:$D,$A9) -> 261.39222 | BE9: =SUMIFS('Sales 2019 - 2024'!$E:$E,'Sales 2019 - 2024'!$A:$A,$C9,'Sales 2019 - 2024'!$B:$B,$AO$2,'Sales 2019 - 2024'!$C:$C,BE$4,'Sales 2019 - 2024'!$D:$D,$A9) -> 360.10613 | BF9: =SUMIFS('Sales 2019 - 2024'!$E:$E,'Sales 2019 - 2024'!$A:$A,$C9,'Sales 2019 - 2024'!$B:$B,$AO$2,'Sales 2019 - 2024'!$C:$C,BF$4,'Sales 2019 - 2024'!$D:$D,$A9) -> 0 | BG9: =SUM(AX9:BF9) -> 30317.697 | BH9: =BI9-BG9-AW9 -> 24851.018 | BI9: =SUMIFS('Sales 2019 - 2024'!P:P,'Sales 2019 - 2024'!N:N,'X5 Template Goals - Tab 1'!AM9) -> 303109.5 | BJ9: =J9*1000=BI9 -> TRUE | BS9: =SUM(BK9:BR9) -> 0
A10: Result | C10: MEA | D10: =SUMIFS(AfO!D:D,AfO!$A:$A,$C10,AfO!$B:$B,$A10)/1000 -> 146.25187 | E10: =SUMIFS(AfO!E:E,AfO!$A:$A,$C10,AfO!$B:$B,$A10)/1000 -> 160.10378 | F10: =SUMIFS(AfO!F:F,AfO!$A:$A,$C10,AfO!$B:$B,$A10)/1000 -> 200.5086 | G10: =SUMIFS(AfO!G:G,AfO!$A:$A,$C10,AfO!$B:$B,$A10)/1000 -> 269.63334 | H10: =SUMIFS(AfO!H:H,AfO!$A:$A,$C10,AfO!$B:$B,$A10)/1000 -> 288.60083 | I10: =SUMIFS(AfO!J:J,AfO!$A:$A,$C10,AfO!$B:$B,$A10)/1000 -> 340.30114 | J10: =SUMIFS(AfO!I:I,AfO!$A:$A,$C10,AfO!$B:$B,$A10)/1000 -> 350.2815 | L10: =SUM(L41,L51,L71,L81,L91,L223,L233,L243,L253,L274,L284,L294,L304,L314,L122,L132) -> 9 | M10: =SUM(M41,M51,M71,M81,M91,M223,M233,M243,M253,M274,M284,M294,M304,M314,M122,M132) -> 8 | N10: =SUM(N41,N51,N71,N81,N91,N223,N233,N243,N253,N274,N284,N294,N304,N314,N122,N132) -> 0 | O10: =SUM(O41,O51,O71,O81,O91,O223,O233,O243,O253,O274,O284,O294,O304,O314,O122,O132) -> 117.20681 | P10: =SUM(P41,P51,P71,P81,P91,P223,P233,P243,P253,P274,P284,P294,P304,P314,P122,P132) -> 55.034735 | Q10: =SUM(Q41,Q51,Q71,Q81,Q91,Q223,Q233,Q243,Q253,Q274,Q284,Q294,Q304,Q314,Q122,Q132) -> 41 | R10: =SUM(R41,R51,R71,R81,R91,R223,R233,R243,R253,R274,R284,R294,R304,R314,R122,R132) -> 10 | S10: =SUM(S41,S51,S71,S81,S91,S223,S233,S243,S253,S274,S284,S294,S304,S314,S122,S132) -> 0 | U10: =SUM(U122,U132,U152,U162,U172,U182,U192,U223,U233,U243,U253,U274,U284,U294,U304,U314,U202) -> 2 | V10: =SUM(V122,V132,V152,V162,V172,V182,V192,V223,V233,V243,V253,V274,V284,V294,V304,V314,V202) -> 6 | W10: =SUM(W122,W132,W152,W162,W172,W182,W192,W223,W233,W243,W253,W274,W284,W294,W304,W314,W202) -> 7 | X10: =SUM(X122,X132,X152,X162,X172,X182,X192,X223,X233,X243,X253,X274,X284,X294,X304,X314,X202) -> 4 | Y10: =SUM(Y122,Y132,Y152,Y162,Y172,Y182,Y192,Y223,Y233,Y243,Y253,Y274,Y284,Y294,Y304,Y314,Y202) -> 4 | Z10: =SUM(Z122,Z132,Z152,Z162,Z172,Z182,Z192,Z223,Z233,Z243,Z253,Z274,Z284,Z294,Z304,Z314,Z202) -> 19 | AA10: =SUM(AA122,AA132,AA152,AA162,AA172,AA182,AA192,AA223,AA233,AA243,AA253,AA274,AA284,AA294,AA304,AA314,AA202) -> 0 | AB10: =SUM(AB122,AB132,AB152,AB162,AB172,AB182,AB192,AB223,AB233,AB243,AB253,AB274,AB284,AB294,AB304,AB314,AB202) -> 11 | AC10: =SUM(AC122,AC132,AC152,AC162,AC172,AC182,AC192,AC223,AC233,AC243,AC253,AC274,AC284,AC294,AC304,AC314,AC202) -> 0 | AD10: =SUM(L10:AC10) -> 293.24155 | AE10: =AD10+J10 -> 643.52305 | AF10: =(((J10/D10))^(1/5))-1 -> 0.1908667 | AG10: =(((AE10/J10))^(1/5))-1 -> 0.12935215 | AH10: {=_xlfn.IFS(AG10>=(AF10+0.01),1,AG10>=(AF10-0.01),0,AG10<=(AF10-0.01),-1)} -> -1 | AM10: MEA | AO10: =SUMIFS('Sales 2019 - 2024'!$E:$E,'Sales 2019 - 2024'!$A:$A,$C10,'Sales 2019 - 2024'!$B:$B,$AO$2,'Sales 2019 - 2024'!$C:$C,AO$4,'Sales 2019 - 2024'!$D:$D,$A10) -> 12800.678 | AP10: =SUMIFS('Sales 2019 - 2024'!$E:$E,'Sales 2019 - 2024'!$A:$A,$C10,'Sales 2019 - 2024'!$B:$B,$AO$2,'Sales 2019 - 2024'!$C:$C,AP$4,'Sales 2019 - 2024'!$D:$D,$A10) -> 11243.476 | AQ10: =SUMIFS('Sales 2019 - 2024'!$E:$E,'Sales 2019 - 2024'!$A:$A,$C10,'Sales 2019 - 2024'!$B:$B,$AO$2,'Sales 2019 - 2024'!$C:$C,AQ$4,'Sales 2019 - 2024'!$D:$D,$A10) -> 208.96928 | AR10: =SUMIFS('Sales 2019 - 2024'!$E:$E,'Sales 2019 - 2024'!$A:$A,$C10,'Sales 2019 - 2024'!$B:$B,$AO$2,'Sales 2019 - 2024'!$C:$C,AR$4,'Sales 2019 - 2024'!$D:$D,$A10) -> 190648.06 | AS10: =SUMIFS('Sales 2019 - 2024'!$E:$E,'Sales 2019 - 2024'!$A:$A,$C10,'Sales 2019 - 2024'!$B:$B,$AO$2,'Sales 2019 - 2024'!$C:$C,AS$4,'Sales 2019 - 2024'!$D:$D,$A10) -> 33663.453 | AT10: =SUMIFS('Sales 2019 - 2024'!$E:$E,'Sales 2019 - 2024'!$A:$A,$C10,'Sales 2019 - 2024'!$B:$B,$AO$2,'Sales 2019 - 2024'!$C:$C,AT$4,'Sales 2019 - 2024'!$D:$D,$A10) -> 42744.228 | AU10: =SUMIFS('Sales 2019 - 2024'!$E:$E,'Sales 2019 - 2024'!$A:$A,$C10,'Sales 2019 - 2024'!$B:$B,$AO$2,'Sales 2019 - 2024'!$C:$C,AU$4,'Sales 2019 - 2024'!$D:$D,$A10) -> 10735.809 | AV10: =SUMIFS('Sales 2019 - 2024'!$E:$E,'Sales 2019 - 2024'!$A:$A,$C10,'Sales 2019 - 2024'!$B:$B,$AO$2,'Sales 2019 - 2024'!$C:$C,AV$4,'Sales 2019 - 2024'!$D:$D,$A10) -> 740.7571 | AW10: =SUM(AO10:AV10) -> 302785.43 | AX10: =SUMIFS('Sales 2019 - 2024'!$E:$E,'Sales 2019 - 2024'!$A:$A,$C10,'Sales 2019 - 2024'!$B:$B,$AO$2,'Sales 2019 - 2024'!$C:$C,AX$4,'Sales 2019 - 2024'!$D:$D,$A10) -> 3454.0571 | AY10: =SUMIFS('Sales 2019 - 2024'!$E:$E,'Sales 2019 - 2024'!$A:$A,$C10,'Sales 2019 - 2024'!$B:$B,$AO$2,'Sales 2019 - 2024'!$C:$C,AY$4,'Sales 2019 - 2024'!$D:$D,$A10) -> 2803.8006 | AZ10: =SUMIFS('Sales 2019 - 2024'!$E:$E,'Sales 2019 - 2024'!$A:$A,$C10,'Sales 2019 - 2024'!$B:$B,$AO$2,'Sales 2019 - 2024'!$C:$C,AZ$4,'Sales 2019 - 2024'!$D:$D,$A10) -> 389.28843 | BA10: =SUMIFS('Sales 2019 - 2024'!$E:$E,'Sales 2019 - 2024'!$A:$A,$C10,'Sales 2019 - 2024'!$B:$B,$AO$2,'Sales 2019 - 2024'!$C:$C,BA$4,'Sales 2019 - 2024'!$D:$D,$A10) -> 226.35116 | BB10: =SUMIFS('Sales 2019 - 2024'!$E:$E,'Sales 2019 - 2024'!$A:$A,$C10,'Sales 2019 - 2024'!$B:$B,$AO$2,'Sales 2019 - 2024'!$C:$C,BB$4,'Sales 2019 - 2024'!$D:$D,$A10) -> 447.01176 | BC10: =SUMIFS('Sales 2019 - 2024'!$E:$E,'Sales 2019 - 2024'!$A:$A,$C10,'Sales 2019 - 2024'!$B:$B,$AO$2,'Sales 2019 - 2024'!$C:$C,BC$4,'Sales 2019 - 2024'!$D:$D,$A10) -> 3792.7718 | BD10: =SUMIFS('Sales 2019 - 2024'!$E:$E,'Sales 2019 - 2024'!$A:$A,$C10,'Sales 2019 - 2024'!$B:$B,$AO$2,'Sales 2019 - 2024'!$C:$C,BD$4,'Sales 2019 - 2024'!$D:$D,$A10) -> 454.98181 | BE10: =SUMIFS('Sales 2019 - 2024'!$E:$E,'Sales 2019 - 2024'!$A:$A,$C10,'Sales 2019 - 2024'!$B:$B,$AO$2,'Sales 2019 - 2024'!$C:$C,BE$4,'Sales 2019 - 2024'!$D:$D,$A10) -> 860.72337 | BF10: =SUMIFS('Sales 2019 - 2024'!$E:$E,'Sales 2019 - 2024'!$A:$A,$C10,'Sales 2019 - 2024'!$B:$B,$AO$2,'Sales 2019 - 2024'!$C:$C,BF$4,'Sales 2019 - 2024'!$D:$D,$A10) -> 0 | BG10: =SUM(AX10:BF10) -> 12428.986 | BH10: =BI10-BG10-AW10 -> 35067.082 | BI10: =SUMIFS('Sales 2019 - 2024'!P:P,'Sales 2019 - 2024'!N:N,'X5 Template Goals - Tab 1'!AM10) -> 350281.5 | BJ10: =J10*1000=BI10 -> TRUE | BS10: =SUM(BK10:BR10) -> 0
A11: Result | C11: TIP | D11: =SUMIFS(AfO!D:D,AfO!$A:$A,$C11,AfO!$B:$B,$A11)/1000 -> 84.096446 | E11: =SUMIFS(AfO!E:E,AfO!$A:$A,$C11,AfO!$B:$B,$A11)/1000 -> 84.005274 | F11: =SUMIFS(AfO!F:F,AfO!$A:$A,$C11,AfO!$B:$B,$A11)/1000 -> 101.00425 | G11: =SUMIFS(AfO!G:G,AfO!$A:$A,$C11,AfO!$B:$B,$A11)/1000 -> 121.52719 | H11: =SUMIFS(AfO!H:H,AfO!$A:$A,$C11,AfO!$B:$B,$A11)/1000 -> 123.93952 | I11: =SUMIFS(AfO!J:J,AfO!$A:$A,$C11,AfO!$B:$B,$A11)/1000 -> 142.04847 | J11: =SUMIFS(AfO!I:I,AfO!$A:$A,$C11,AfO!$B:$B,$A11)/1000 -> 153.06983 | L11: =SUM(L42,L52,L72,L82,L92,L224,L234,L244,L254,L275,L285,L295,L305,L315,L123,L133) -> 1 | M11: =SUM(M42,M52,M72,M82,M92,M224,M234,M244,M254,M275,M285,M295,M305,M315,M123,M133) -> 2 | N11: =SUM(N42,N52,N72,N82,N92,N224,N234,N244,N254,N275,N285,N295,N305,N315,N123,N133) -> 0 | O11: =SUM(O42,O52,O72,O82,O92,O224,O234,O244,O254,O275,O285,O295,O305,O315,O123,O133) -> 71 | P11: =SUM(P42,P52,P72,P82,P92,P224,P234,P244,P254,P275,P285,P295,P305,P315,P123,P133) -> 34.168945 | Q11: =SUM(Q42,Q52,Q72,Q82,Q92,Q224,Q234,Q244,Q254,Q275,Q285,Q295,Q305,Q315,Q123,Q133) -> 5 | R11: =SUM(R42,R52,R72,R82,R92,R224,R234,R244,R254,R275,R285,R295,R305,R315,R123,R133) -> 5 | S11: =SUM(S42,S52,S72,S82,S92,S224,S234,S244,S254,S275,S285,S295,S305,S315,S123,S133) -> 2 | U11: =SUM(U123,U133,U153,U163,U173,U183,U193,U224,U234,U244,U254,U275,U285,U295,U305,U315,U203) -> 5 | V11: =SUM(V123,V133,V153,V163,V173,V183,V193,V224,V234,V244,V254,V275,V285,V295,V305,V315,V203) -> 4 | W11: =SUM(W123,W133,W153,W163,W173,W183,W193,W224,W234,W244,W254,W275,W285,W295,W305,W315,W203) -> 9 | X11: =SUM(X123,X133,X153,X163,X173,X183,X193,X224,X234,X244,X254,X275,X285,X295,X305,X315,X203) -> 5 | Y11: =SUM(Y123,Y133,Y153,Y163,Y173,Y183,Y193,Y224,Y234,Y244,Y254,Y275,Y285,Y295,Y305,Y315,Y203) -> 13 | Z11: =SUM(Z123,Z133,Z153,Z163,Z173,Z183,Z193,Z224,Z234,Z244,Z254,Z275,Z285,Z295,Z305,Z315,Z203) -> 12 | AA11: =SUM(AA123,AA133,AA153,AA163,AA173,AA183,AA193,AA224,AA234,AA244,AA254,AA275,AA285,AA295,AA305,AA315,AA203) -> 0 | AB11: =SUM(AB123,AB133,AB153,AB163,AB173,AB183,AB193,AB224,AB234,AB244,AB254,AB275,AB285,AB295,AB305,AB315,AB203) -> 2 | AC11: =SUM(AC123,AC133,AC153,AC163,AC173,AC183,AC193,AC224,AC234,AC244,AC254,AC275,AC285,AC295,AC305,AC315,AC203) -> 0 | AD11: =SUM(L11:AC11) -> 170.16895 | AE11: =AD11+J11 -> 323.23877 | AF11: =(((J11/D11))^(1/5))-1 -> 0.12725557 | AG11: =(((AE11/J11))^(1/5))-1 -> 0.16125279 | AH11: {=_xlfn.IFS(AG11>=(AF11+0.01),1,AG11>=(AF11-0.01),0,AG11<=(AF11-0.01),-1)} -> 1 | AM11: TIP | AO11: =SUMIFS('Sales 2019 - 2024'!$E:$E,'Sales 2019 - 2024'!$A:$A,$C11,'Sales 2019 - 2024'!$B:$B,$AO$2,'Sales 2019 - 2024'!$C:$C,AO$4,'Sales 2019 - 2024'!$D:$D,$A11) -> 1858.3801 | AP11: =SUMIFS('Sales 2019 - 2024'!$E:$E,'Sales 2019 - 2024'!$A:$A,$C11,'Sales 2019 - 2024'!$B:$B,$AO$2,'Sales 2019 - 2024'!$C:$C,AP$4,'Sales 2019 - 2024'!$D:$D,$A11) -> 1879.6465 | AQ11: =SUMIFS('Sales 2019 - 2024'!$E:$E,'Sales 2019 - 2024'!$A:$A,$C11,'Sales 2019 - 2024'!$B:$B,$AO$2,'Sales 2019 - 2024'!$C:$C,AQ$4,'Sales 2019 - 2024'!$D:$D,$A11) -> 841.23514 | AR11: =SUMIFS('Sales 2019 - 2024'!$E:$E,'Sales 2019 - 2024'!$A:$A,$C11,'Sales 2019 - 2024'!$B:$B,$AO$2,'Sales 2019 - 2024'!$C:$C,AR$4,'Sales 2019 - 2024'!$D:$D,$A11) -> 67963.807 | AS11: =SUMIFS('Sales 2019 - 2024'!$E:$E,'Sales 2019 - 2024'!$A:$A,$C11,'Sales 2019 - 2024'!$B:$B,$AO$2,'Sales 2019 - 2024'!$C:$C,AS$4,'Sales 2019 - 2024'!$D:$D,$A11) -> 20358.934 | AT11: =SUMIFS('Sales 2019 - 2024'!$E:$E,'Sales 2019 - 2024'!$A:$A,$C11,'Sales 2019 - 2024'!$B:$B,$AO$2,'Sales 2019 - 2024'!$C:$C,AT$4,'Sales 2019 - 2024'!$D:$D,$A11) -> 5097.1851 | AU11: =SUMIFS('Sales 2019 - 2024'!$E:$E,'Sales 2019 - 2024'!$A:$A,$C11,'Sales 2019 - 2024'!$B:$B,$AO$2,'Sales 2019 - 2024'!$C:$C,AU$4,'Sales 2019 - 2024'!$D:$D,$A11) -> 2616.7469 | AV11: =SUMIFS('Sales 2019 - 2024'!$E:$E,'Sales 2019 - 2024'!$A:$A,$C11,'Sales 2019 - 2024'!$B:$B,$AO$2,'Sales 2019 - 2024'!$C:$C,AV$4,'Sales 2019 - 2024'!$D:$D,$A11) -> 4271.6243 | AW11: =SUM(AO11:AV11) -> 104887.56 | AX11: =SUMIFS('Sales 2019 - 2024'!$E:$E,'Sales 2019 - 2024'!$A:$A,$C11,'Sales 2019 - 2024'!$B:$B,$AO$2,'Sales 2019 - 2024'!$C:$C,AX$4,'Sales 2019 - 2024'!$D:$D,$A11) -> 3179.2941 | AY11: =SUMIFS('Sales 2019 - 2024'!$E:$E,'Sales 2019 - 2024'!$A:$A,$C11,'Sales 2019 - 2024'!$B:$B,$AO$2,'Sales 2019 - 2024'!$C:$C,AY$4,'Sales 2019 - 2024'!$D:$D,$A11) -> 2982.6599 | AZ11: =SUMIFS('Sales 2019 - 2024'!$E:$E,'Sales 2019 - 2024'!$A:$A,$C11,'Sales 2019 - 2024'!$B:$B,$AO$2,'Sales 2019 - 2024'!$C:$C,AZ$4,'Sales 2019 - 2024'!$D:$D,$A11) -> 1516.1931 | BA11: =SUMIFS('Sales 2019 - 2024'!$E:$E,'Sales 2019 - 2024'!$A:$A,$C11,'Sales 2019 - 2024'!$B:$B,$AO$2,'Sales 2019 - 2024'!$C:$C,BA$4,'Sales 2019 - 2024'!$D:$D,$A11) -> 1114.0934 | BB11: =SUMIFS('Sales 2019 - 2024'!$E:$E,'Sales 2019 - 2024'!$A:$A,$C11,'Sales 2019 - 2024'!$B:$B,$AO$2,'Sales 2019 - 2024'!$C:$C,BB$4,'Sales 2019 - 2024'!$D:$D,$A11) -> 12339.98 | BC11: =SUMIFS('Sales 2019 - 2024'!$E:$E,'Sales 2019 - 2024'!$A:$A,$C11,'Sales 2019 - 2024'!$B:$B,$AO$2,'Sales 2019 - 2024'!$C:$C,BC$4,'Sales 2019 - 2024'!$D:$D,$A11) -> 7080.4093 | BD11: =SUMIFS('Sales 2019 - 2024'!$E:$E,'Sales 2019 - 2024'!$A:$A,$C11,'Sales 2019 - 2024'!$B:$B,$AO$2,'Sales 2019 - 2024'!$C:$C,BD$4,'Sales 2019 - 2024'!$D:$D,$A11) -> 45.27127 | BE11: =SUMIFS('Sales 2019 - 2024'!$E:$E,'Sales 2019 - 2024'!$A:$A,$C11,'Sales 2019 - 2024'!$B:$B,$AO$2,'Sales 2019 - 2024'!$C:$C,BE$4,'Sales 2019 - 2024'!$D:$D,$A11) -> 1820.8047 | BF11: =SUMIFS('Sales 2019 - 2024'!$E:$E,'Sales 2019 - 2024'!$A:$A,$C11,'Sales 2019 - 2024'!$B:$B,$AO$2,'Sales 2019 - 2024'!$C:$C,BF$4,'Sales 2019 - 2024'!$D:$D,$A11) -> 0 | BG11: =SUM(AX11:BF11) -> 30078.706 | BH11: =BI11-BG11-AW11 -> 18103.563 | BI11: =SUMIFS('Sales 2019 - 2024'!P:P,'Sales 2019 - 2024'!N:N,'X5 Template Goals - Tab 1'!AM11) -> 153069.83 | BJ11: =J11*1000=BI11 -> TRUE | BS11: =SUM(BK11:BR11) -> 0
A12: Result | C12: WAPAC | D12: =SUMIFS(AfO!D:D,AfO!$A:$A,$C12,AfO!$B:$B,$A12)/1000 -> 58.188261 | E12: =SUMIFS(AfO!E:E,AfO!$A:$A,$C12,AfO!$B:$B,$A12)/1000 -> 51.842413 | F12: =SUMIFS(AfO!F:F,AfO!$A:$A,$C12,AfO!$B:$B,$A12)/1000 -> 72.246149 | G12: =SUMIFS(AfO!G:G,AfO!$A:$A,$C12,AfO!$B:$B,$A12)/1000 -> 103.72381 | H12: =SUMIFS(AfO!H:H,AfO!$A:$A,$C12,AfO!$B:$B,$A12)/1000 -> 108.3153 | I12: =SUMIFS(AfO!J:J,AfO!$A:$A,$C12,AfO!$B:$B,$A12)/1000 -> 138.02967 | J12: =SUMIFS(AfO!I:I,AfO!$A:$A,$C12,AfO!$B:$B,$A12)/1000 -> 127.50088 | L12: =SUM(L43,L53,L73,L83,L93,L225,L235,L245,L255,L276,L286,L296,L306,L316,L124,L134) -> 3 | M12: =SUM(M43,M53,M73,M83,M93,M225,M235,M245,M255,M276,M286,M296,M306,M316,M124,M134) -> 8 | N12: =SUM(N43,N53,N73,N83,N93,N225,N235,N245,N255,N276,N286,N296,N306,N316,N124,N134) -> 1 | O12: =SUM(O43,O53,O73,O83,O93,O225,O235,O245,O255,O276,O286,O296,O306,O316,O124,O134) -> 73.2 | P12: =SUM(P43,P53,P73,P83,P93,P225,P235,P245,P255,P276,P286,P296,P306,P316,P124,P134) -> 25.116648 | Q12: =SUM(Q43,Q53,Q73,Q83,Q93,Q225,Q235,Q245,Q255,Q276,Q286,Q296,Q306,Q316,Q124,Q134) -> 14 | R12: =SUM(R43,R53,R73,R83,R93,R225,R235,R245,R255,R276,R286,R296,R306,R316,R124,R134) -> 7 | S12: =SUM(S43,S53,S73,S83,S93,S225,S235,S245,S255,S276,S286,S296,S306,S316,S124,S134) -> 2 | U12: =SUM(U124,U134,U154,U164,U174,U184,U194,U225,U235,U245,U255,U276,U286,U296,U306,U316,U204) -> 5 | V12: =SUM(V124,V134,V154,V164,V174,V184,V194,V225,V235,V245,V255,V276,V286,V296,V306,V316,V204) -> 11 | W12: =SUM(W124,W134,W154,W164,W174,W184,W194,W225,W235,W245,W255,W276,W286,W296,W306,W316,W204) -> 8 | X12: =SUM(X124,X134,X154,X164,X174,X184,X194,X225,X235,X245,X255,X276,X286,X296,X306,X316,X204) -> 5 | Y12: =SUM(Y124,Y134,Y154,Y164,Y174,Y184,Y194,Y225,Y235,Y245,Y255,Y276,Y286,Y296,Y306,Y316,Y204) -> 3 | Z12: =SUM(Z124,Z134,Z154,Z164,Z174,Z184,Z194,Z225,Z235,Z245,Z255,Z276,Z286,Z296,Z306,Z316,Z204) -> 21 | AA12: =SUM(AA124,AA134,AA154,AA164,AA174,AA184,AA194,AA225,AA235,AA245,AA255,AA276,AA286,AA296,AA306,AA316,AA204) -> 0 | AB12: =SUM(AB124,AB134,AB154,AB164,AB174,AB184,AB194,AB225,AB235,AB245,AB255,AB276,AB286,AB296,AB306,AB316,AB204) -> 5 | AC12: =SUM(AC124,AC134,AC154,AC164,AC174,AC184,AC194,AC225,AC235,AC245,AC255,AC276,AC286,AC296,AC306,AC316,AC204) -> 0 | AD12: =SUM(L12:AC12) -> 191.31665 | AE12: =AD12+J12 -> 318.81752 | AF12: =(((J12/D12))^(1/5))-1 -> 0.16986449 | AG12: =(((AE12/J12))^(1/5))-1 -> 0.20117367 | AH12: {=_xlfn.IFS(AG12>=(AF12+0.01),1,AG12>=(AF12-0.01),0,AG12<=(AF12-0.01),-1)} -> 1 | AM12: WAPAC | AO12: =SUMIFS('Sales 2019 - 2024'!$E:$E,'Sales 2019 - 2024'!$A:$A,$C12,'Sales 2019 - 2024'!$B:$B,$AO$2,'Sales 2019 - 2024'!$C:$C,AO$4,'Sales 2019 - 2024'!$D:$D,$A12) -> 6329.3049 | AP12: =SUMIFS('Sales 2019 - 2024'!$E:$E,'Sales 2019 - 2024'!$A:$A,$C12,'Sales 2019 - 2024'!$B:$B,$AO$2,'Sales 2019 - 2024'!$C:$C,AP$4,'Sales 2019 - 2024'!$D:$D,$A12) -> 3317.0092 | AQ12: =SUMIFS('Sales 2019 - 2024'!$E:$E,'Sales 2019 - 2024'!$A:$A,$C12,'Sales 2019 - 2024'!$B:$B,$AO$2,'Sales 2019 - 2024'!$C:$C,AQ$4,'Sales 2019 - 2024'!$D:$D,$A12) -> 927.24491 | AR12: =SUMIFS('Sales 2019 - 2024'!$E:$E,'Sales 2019 - 2024'!$A:$A,$C12,'Sales 2019 - 2024'!$B:$B,$AO$2,'Sales 2019 - 2024'!$C:$C,AR$4,'Sales 2019 - 2024'!$D:$D,$A12) -> 67199.016 | AS12: =SUMIFS('Sales 2019 - 2024'!$E:$E,'Sales 2019 - 2024'!$A:$A,$C12,'Sales 2019 - 2024'!$B:$B,$AO$2,'Sales 2019 - 2024'!$C:$C,AS$4,'Sales 2019 - 2024'!$D:$D,$A12) -> 9195.3802 | AT12: =SUMIFS('Sales 2019 - 2024'!$E:$E,'Sales 2019 - 2024'!$A:$A,$C12,'Sales 2019 - 2024'!$B:$B,$AO$2,'Sales 2019 - 2024'!$C:$C,AT$4,'Sales 2019 - 2024'!$D:$D,$A12) -> 4628.2227 | AU12: =SUMIFS('Sales 2019 - 2024'!$E:$E,'Sales 2019 - 2024'!$A:$A,$C12,'Sales 2019 - 2024'!$B:$B,$AO$2,'Sales 2019 - 2024'!$C:$C,AU$4,'Sales 2019 - 2024'!$D:$D,$A12) -> 3121.864 | AV12: =SUMIFS('Sales 2019 - 2024'!$E:$E,'Sales 2019 - 2024'!$A:$A,$C12,'Sales 2019 - 2024'!$B:$B,$AO$2,'Sales 2019 - 2024'!$C:$C,AV$4,'Sales 2019 - 2024'!$D:$D,$A12) -> 285.5978 | AW12: =SUM(AO12:AV12) -> 95003.64 | AX12: =SUMIFS('Sales 2019 - 2024'!$E:$E,'Sales 2019 - 2024'!$A:$A,$C12,'Sales 2019 - 2024'!$B:$B,$AO$2,'Sales 2019 - 2024'!$C:$C,AX$4,'Sales 2019 - 2024'!$D:$D,$A12) -> 4279.6033 | AY12: =SUMIFS('Sales 2019 - 2024'!$E:$E,'Sales 2019 - 2024'!$A:$A,$C12,'Sales 2019 - 2024'!$B:$B,$AO$2,'Sales 2019 - 2024'!$C:$C,AY$4,'Sales 2019 - 2024'!$D:$D,$A12) -> 7114.9379 | AZ12: =SUMIFS('Sales 2019 - 2024'!$E:$E,'Sales 2019 - 2024'!$A:$A,$C12,'Sales 2019 - 2024'!$B:$B,$AO$2,'Sales 2019 - 2024'!$C:$C,AZ$4,'Sales 2019 - 2024'!$D:$D,$A12) -> 535.4181 | BA12: =SUMIFS('Sales 2019 - 2024'!$E:$E,'Sales 2019 - 2024'!$A:$A,$C12,'Sales 2019 - 2024'!$B:$B,$AO$2,'Sales 2019 - 2024'!$C:$C,BA$4,'Sales 2019 - 2024'!$D:$D,$A12) -> 657.81968 | BB12: =SUMIFS('Sales 2019 - 2024'!$E:$E,'Sales 2019 - 2024'!$A:$A,$C12,'Sales 2019 - 2024'!$B:$B,$AO$2,'Sales 2019 - 2024'!$C:$C,BB$4,'Sales 2019 - 2024'!$D:$D,$A12) -> 1116.8278 | BC12: =SUMIFS('Sales 2019 - 2024'!$E:$E,'Sales 2019 - 2024'!$A:$A,$C12,'Sales 2019 - 2024'!$B:$B,$AO$2,'Sales 2019 - 2024'!$C:$C,BC$4,'Sales 2019 - 2024'!$D:$D,$A12) -> 9133.743 | BD12: =SUMIFS('Sales 2019 - 2024'!$E:$E,'Sales 2019 - 2024'!$A:$A,$C12,'Sales 2019 - 2024'!$B:$B,$AO$2,'Sales 2019 - 2024'!$C:$C,BD$4,'Sales 2019 - 2024'!$D:$D,$A12) -> 16.82333 | BE12: =SUMIFS('Sales 2019 - 2024'!$E:$E,'Sales 2019 - 2024'!$A:$A,$C12,'Sales 2019 - 2024'!$B:$B,$AO$2,'Sales 2019 - 2024'!$C:$C,BE$4,'Sales 2019 - 2024'!$D:$D,$A12) -> 1035.1362 | BF12: =SUMIFS('Sales 2019 - 2024'!$E:$E,'Sales 2019 - 2024'!$A:$A,$C12,'Sales 2019 - 2024'!$B:$B,$AO$2,'Sales 2019 - 2024'!$C:$C,BF$4,'Sales 2019 - 2024'!$D:$D,$A12) -> 0 | BG12: =SUM(AX12:BF12) -> 23890.309 | BH12: =BI12-BG12-AW12 -> 8606.9274 | BI12: =SUMIFS('Sales 2019 - 2024'!P:P,'Sales 2019 - 2024'!N:N,'X5 Template Goals - Tab 1'!AM12) -> 127500.88 | BJ12: =J12*1000=BI12 -> TRUE | BS12: =SUM(BK12:BR12) -> 0
A13: Result | C13: EAPAC | D13: =SUMIFS(AfO!D:D,AfO!$A:$A,$C13,AfO!$B:$B,$A13)/1000 -> 97.753191 | E13: =SUMIFS(AfO!E:E,AfO!$A:$A,$C13,AfO!$B:$B,$A13)/1000 -> 117.14934 | F13: =SUMIFS(AfO!F:F,AfO!$A:$A,$C13,AfO!$B:$B,$A13)/1000 -> 160.02137 | G13: =SUMIFS(AfO!G:G,AfO!$A:$A,$C13,AfO!$B:$B,$A13)/1000 -> 195.3712 | H13: =SUMIFS(AfO!H:H,AfO!$A:$A,$C13,AfO!$B:$B,$A13)/1000 -> 236.5264 | I13: =SUMIFS(AfO!J:J,AfO!$A:$A,$C13,AfO!$B:$B,$A13)/1000 -> 249.13757 | J13: =SUMIFS(AfO!I:I,AfO!$A:$A,$C13,AfO!$B:$B,$A13)/1000 -> 280.75432 | L13: =SUM(L44,L54,L74,L84,L94,L226,L236,L246,L256,L277,L287,L297,L307,L317,L125,L135) -> 6 | M13: =SUM(M44,M54,M74,M84,M94,M226,M236,M246,M256,M277,M287,M297,M307,M317,M125,M135) -> 4 | N13: =SUM(N44,N54,N74,N84,N94,N226,N236,N246,N256,N277,N287,N297,N307,N317,N125,N135) -> 17 | O13: =SUM(O44,O54,O74,O84,O94,O226,O236,O246,O256,O277,O287,O297,O307,O317,O125,O135) -> 134.46819 | P13: =SUM(P44,P54,P74,P84,P94,P226,P236,P246,P256,P277,P287,P297,P307,P317,P125,P135) -> 82.564085 | Q13: =SUM(Q44,Q54,Q74,Q84,Q94,Q226,Q236,Q246,Q256,Q277,Q287,Q297,Q307,Q317,Q125,Q135) -> 65 | R13: =SUM(R44,R54,R74,R84,R94,R226,R236,R246,R256,R277,R287,R297,R307,R317,R125,R135) -> 0 | S13: =SUM(S44,S54,S74,S84,S94,S226,S236,S246,S256,S277,S287,S297,S307,S317,S125,S135) -> 33 | U13: =SUM(U125,U135,U155,U165,U175,U185,U195,U226,U236,U246,U256,U277,U287,U297,U307,U317,U205) -> 18 | V13: =SUM(V125,V135,V155,V165,V175,V185,V195,V226,V236,V246,V256,V277,V287,V297,V307,V317,V205) -> 4 | W13: =SUM(W125,W135,W155,W165,W175,W185,W195,W226,W236,W246,W256,W277,W287,W297,W307,W317,W205) -> 18 | X13: =SUM(X125,X135,X155,X165,X175,X185,X195,X226,X236,X246,X256,X277,X287,X297,X307,X317,X205) -> 5 | Y13: =SUM(Y125,Y135,Y155,Y165,Y175,Y185,Y195,Y226,Y236,Y246,Y256,Y277,Y287,Y297,Y307,Y317,Y205) -> 7 | Z13: =SUM(Z125,Z135,Z155,Z165,Z175,Z185,Z195,Z226,Z236,Z246,Z256,Z277,Z287,Z297,Z307,Z317,Z205) -> 36 | AA13: =SUM(AA125,AA135,AA155,AA165,AA175,AA185,AA195,AA226,AA236,AA246,AA256,AA277,AA287,AA297,AA307,AA317,AA205) -> 0 | AB13: =SUM(AB125,AB135,AB155,AB165,AB175,AB185,AB195,AB226,AB236,AB246,AB256,AB277,AB287,AB297,AB307,AB317,AB205) -> 19 | AC13: =SUM(AC125,AC135,AC155,AC165,AC175,AC185,AC195,AC226,AC236,AC246,AC256,AC277,AC287,AC297,AC307,AC317,AC205) -> 5 | AD13: =SUM(L13:AC13) -> 454.03227 | AE13: =AD13+J13 -> 734.78659 | AF13: =(((J13/D13))^(1/5))-1 -> 0.23492078 | AG13: =(((AE13/J13))^(1/5))-1 -> 0.21217956 | AH13: {=_xlfn.IFS(AG13>=(AF13+0.01),1,AG13>=(AF13-0.01),0,AG13<=(AF13-0.01),-1)} -> -1 | AM13: EAPAC | AO13: =SUMIFS('Sales 2019 - 2024'!$E:$E,'Sales 2019 - 2024'!$A:$A,$C13,'Sales 2019 - 2024'!$B:$B,$AO$2,'Sales 2019 - 2024'!$C:$C,AO$4,'Sales 2019 - 2024'!$D:$D,$A13) -> 6036.7287 | AP13: =SUMIFS('Sales 2019 - 2024'!$E:$E,'Sales 2019 - 2024'!$A:$A,$C13,'Sales 2019 - 2024'!$B:$B,$AO$2,'Sales 2019 - 2024'!$C:$C,AP$4,'Sales 2019 - 2024'!$D:$D,$A13) -> 7013.8396 | AQ13: =SUMIFS('Sales 2019 - 2024'!$E:$E,'Sales 2019 - 2024'!$A:$A,$C13,'Sales 2019 - 2024'!$B:$B,$AO$2,'Sales 2019 - 2024'!$C:$C,AQ$4,'Sales 2019 - 2024'!$D:$D,$A13) -> 16425.427 | AR13: =SUMIFS('Sales 2019 - 2024'!$E:$E,'Sales 2019 - 2024'!$A:$A,$C13,'Sales 2019 - 2024'!$B:$B,$AO$2,'Sales 2019 - 2024'!$C:$C,AR$4,'Sales 2019 - 2024'!$D:$D,$A13) -> 120820.96 | AS13: =SUMIFS('Sales 2019 - 2024'!$E:$E,'Sales 2019 - 2024'!$A:$A,$C13,'Sales 2019 - 2024'!$B:$B,$AO$2,'Sales 2019 - 2024'!$C:$C,AS$4,'Sales 2019 - 2024'!$D:$D,$A13) -> 13731.06 | AT13: =SUMIFS('Sales 2019 - 2024'!$E:$E,'Sales 2019 - 2024'!$A:$A,$C13,'Sales 2019 - 2024'!$B:$B,$AO$2,'Sales 2019 - 2024'!$C:$C,AT$4,'Sales 2019 - 2024'!$D:$D,$A13) -> 14863.446 | AU13: =SUMIFS('Sales 2019 - 2024'!$E:$E,'Sales 2019 - 2024'!$A:$A,$C13,'Sales 2019 - 2024'!$B:$B,$AO$2,'Sales 2019 - 2024'!$C:$C,AU$4,'Sales 2019 - 2024'!$D:$D,$A13) -> 8179.0609 | AV13: =SUMIFS('Sales 2019 - 2024'!$E:$E,'Sales 2019 - 2024'!$A:$A,$C13,'Sales 2019 - 2024'!$B:$B,$AO$2,'Sales 2019 - 2024'!$C:$C,AV$4,'Sales 2019 - 2024'!$D:$D,$A13) -> 10932.113 | AW13: =SUM(AO13:AV13) -> 198002.63 | AX13: =SUMIFS('Sales 2019 - 2024'!$E:$E,'Sales 2019 - 2024'!$A:$A,$C13,'Sales 2019 - 2024'!$B:$B,$AO$2,'Sales 2019 - 2024'!$C:$C,AX$4,'Sales 2019 - 2024'!$D:$D,$A13) -> 12227.944 | AY13: =SUMIFS('Sales 2019 - 2024'!$E:$E,'Sales 2019 - 2024'!$A:$A,$C13,'Sales 2019 - 2024'!$B:$B,$AO$2,'Sales 2019 - 2024'!$C:$C,AY$4,'Sales 2019 - 2024'!$D:$D,$A13) -> 1850.9192 | AZ13: =SUMIFS('Sales 2019 - 2024'!$E:$E,'Sales 2019 - 2024'!$A:$A,$C13,'Sales 2019 - 2024'!$B:$B,$AO$2,'Sales 2019 - 2024'!$C:$C,AZ$4,'Sales 2019 - 2024'!$D:$D,$A13) -> 3683.7638 | BA13: =SUMIFS('Sales 2019 - 2024'!$E:$E,'Sales 2019 - 2024'!$A:$A,$C13,'Sales 2019 - 2024'!$B:$B,$AO$2,'Sales 2019 - 2024'!$C:$C,BA$4,'Sales 2019 - 2024'!$D:$D,$A13) -> 3139.4718 | BB13: =SUMIFS('Sales 2019 - 2024'!$E:$E,'Sales 2019 - 2024'!$A:$A,$C13,'Sales 2019 - 2024'!$B:$B,$AO$2,'Sales 2019 - 2024'!$C:$C,BB$4,'Sales 2019 - 2024'!$D:$D,$A13) -> 2958.338 | BC13: =SUMIFS('Sales 2019 - 2024'!$E:$E,'Sales 2019 - 2024'!$A:$A,$C13,'Sales 2019 - 2024'!$B:$B,$AO$2,'Sales 2019 - 2024'!$C:$C,BC$4,'Sales 2019 - 2024'!$D:$D,$A13) -> 5855.3765 | BD13: =SUMIFS('Sales 2019 - 2024'!$E:$E,'Sales 2019 - 2024'!$A:$A,$C13,'Sales 2019 - 2024'!$B:$B,$AO$2,'Sales 2019 - 2024'!$C:$C,BD$4,'Sales 2019 - 2024'!$D:$D,$A13) -> 1317.1525 | BE13: =SUMIFS('Sales 2019 - 2024'!$E:$E,'Sales 2019 - 2024'!$A:$A,$C13,'Sales 2019 - 2024'!$B:$B,$AO$2,'Sales 2019 - 2024'!$C:$C,BE$4,'Sales 2019 - 2024'!$D:$D,$A13) -> 1540.9987 | BF13: =SUMIFS('Sales 2019 - 2024'!$E:$E,'Sales 2019 - 2024'!$A:$A,$C13,'Sales 2019 - 2024'!$B:$B,$AO$2,'Sales 2019 - 2024'!$C:$C,BF$4,'Sales 2019 - 2024'!$D:$D,$A13) -> 0 | BG13: =SUM(AX13:BF13) -> 32573.965 | BH13: =BI13-BG13-AW13 -> 50177.722 | BI13: =SUMIFS('Sales 2019 - 2024'!P:P,'Sales 2019 - 2024'!N:N,'X5 Template Goals - Tab 1'!AM13) -> 280754.32 | BJ13: =J13*1000=BI13 -> TRUE | BS13: =SUM(BK13:BR13) -> 0
A14: Result | C14: NA | D14: =SUMIFS(AfO!D:D,AfO!$A:$A,$C14,AfO!$B:$B,$A14)/1000 -> 125.61136 | E14: =SUMIFS(AfO!E:E,AfO!$A:$A,$C14,AfO!$B:$B,$A14)/1000 -> 123.63279 | F14: =SUMIFS(AfO!F:F,AfO!$A:$A,$C14,AfO!$B:$B,$A14)/1000 -> 219.53569 | G14: =SUMIFS(AfO!G:G,AfO!$A:$A,$C14,AfO!$B:$B,$A14)/1000 -> 319.75327 | H14: =SUMIFS(AfO!H:H,AfO!$A:$A,$C14,AfO!$B:$B,$A14)/1000 -> 300.7961 | I14: =SUMIFS(AfO!J:J,AfO!$A:$A,$C14,AfO!$B:$B,$A14)/1000 -> 340.49567 | J14: =SUMIFS(AfO!I:I,AfO!$A:$A,$C14,AfO!$B:$B,$A14)/1000 -> 410.89426 | L14: =SUM(L45,L55,L75,L85,L95,L227,L237,L247,L257,L278,L288,L298,L308,L318,L126,L136) -> 6 | M14: =SUM(M45,M55,M75,M85,M95,M227,M237,M247,M257,M278,M288,M298,M308,M318,M126,M136) -> 7 | N14: =SUM(N45,N55,N75,N85,N95,N227,N237,N247,N257,N278,N288,N298,N308,N318,N126,N136) -> 29 | O14: =SUM(O45,O55,O75,O85,O95,O227,O237,O247,O257,O278,O288,O298,O308,O318,O126,O136) -> 141 | P14: =SUM(P45,P55,P75,P85,P95,P227,P237,P247,P257,P278,P288,P298,P308,P318,P126,P136) -> 121.78374 | Q14: =SUM(Q45,Q55,Q75,Q85,Q95,Q227,Q237,Q247,Q257,Q278,Q288,Q298,Q308,Q318,Q126,Q136) -> 78 | R14: =SUM(R45,R55,R75,R85,R95,R227,R237,R247,R257,R278,R288,R298,R308,R318,R126,R136) -> 61 | S14: =SUM(S45,S55,S75,S85,S95,S227,S237,S247,S257,S278,S288,S298,S308,S318,S126,S136) -> 40.515205 | U14: =SUM(U126,U136,U156,U166,U176,U186,U196,U227,U237,U247,U257,U278,U288,U298,U308,U318,U206) -> 5 | V14: =SUM(V126,V136,V156,V166,V176,V186,V196,V227,V237,V247,V257,V278,V288,V298,V308,V318,V206) -> 10 | W14: =SUM(W126,W136,W156,W166,W176,W186,W196,W227,W237,W247,W257,W278,W288,W298,W308,W318,W206) -> 58 | X14: =SUM(X126,X136,X156,X166,X176,X186,X196,X227,X237,X247,X257,X278,X288,X298,X308,X318,X206) -> 10 | Y14: =SUM(Y126,Y136,Y156,Y166,Y176,Y186,Y196,Y227,Y237,Y247,Y257,Y278,Y288,Y298,Y308,Y318,Y206) -> 9 | Z14: =SUM(Z126,Z136,Z156,Z166,Z176,Z186,Z196,Z227,Z237,Z247,Z257,Z278,Z288,Z298,Z308,Z318,Z206) -> 32 | AA14: =SUM(AA126,AA136,AA156,AA166,AA176,AA186,AA196,AA227,AA237,AA247,AA257,AA278,AA288,AA298,AA308,AA318,AA206) -> 22 | AB14: =SUM(AB126,AB136,AB156,AB166,AB176,AB186,AB196,AB227,AB237,AB247,AB257,AB278,AB288,AB298,AB308,AB318,AB206) -> 18 | AC14: =SUM(AC126,AC136,AC156,AC166,AC176,AC186,AC196,AC227,AC237,AC247,AC257,AC278,AC288,AC298,AC308,AC318,AC206) -> 20 | AD14: =SUM(L14:AC14) -> 668.29895 | AE14: =AD14+J14 -> 1079.1932 | AF14: =(((J14/D14))^(1/5))-1 -> 0.26747742 | AG14: =(((AE14/J14))^(1/5))-1 -> 0.21303638 | AH14: {=_xlfn.IFS(AG14>=(AF14+0.01),1,AG14>=(AF14-0.01),0,AG14<=(AF14-0.01),-1)} -> -1 | AM14: NA | AO14: =SUMIFS('Sales 2019 - 2024'!$E:$E,'Sales 2019 - 2024'!$A:$A,$C14,'Sales 2019 - 2024'!$B:$B,$AO$2,'Sales 2019 - 2024'!$C:$C,AO$4,'Sales 2019 - 2024'!$D:$D,$A14) -> 535.73601 | AP14: =SUMIFS('Sales 2019 - 2024'!$E:$E,'Sales 2019 - 2024'!$A:$A,$C14,'Sales 2019 - 2024'!$B:$B,$AO$2,'Sales 2019 - 2024'!$C:$C,AP$4,'Sales 2019 - 2024'!$D:$D,$A14) -> 7985.7126 | AQ14: =SUMIFS('Sales 2019 - 2024'!$E:$E,'Sales 2019 - 2024'!$A:$A,$C14,'Sales 2019 - 2024'!$B:$B,$AO$2,'Sales 2019 - 2024'!$C:$C,AQ$4,'Sales 2019 - 2024'!$D:$D,$A14) -> 3102.014 | AR14: =SUMIFS('Sales 2019 - 2024'!$E:$E,'Sales 2019 - 2024'!$A:$A,$C14,'Sales 2019 - 2024'!$B:$B,$AO$2,'Sales 2019 - 2024'!$C:$C,AR$4,'Sales 2019 - 2024'!$D:$D,$A14) -> 232316.09 | AS14: =SUMIFS('Sales 2019 - 2024'!$E:$E,'Sales 2019 - 2024'!$A:$A,$C14,'Sales 2019 - 2024'!$B:$B,$AO$2,'Sales 2019 - 2024'!$C:$C,AS$4,'Sales 2019 - 2024'!$D:$D,$A14) -> 3550.7464 | AT14: =SUMIFS('Sales 2019 - 2024'!$E:$E,'Sales 2019 - 2024'!$A:$A,$C14,'Sales 2019 - 2024'!$B:$B,$AO$2,'Sales 2019 - 2024'!$C:$C,AT$4,'Sales 2019 - 2024'!$D:$D,$A14) -> 0 | AU14: =SUMIFS('Sales 2019 - 2024'!$E:$E,'Sales 2019 - 2024'!$A:$A,$C14,'Sales 2019 - 2024'!$B:$B,$AO$2,'Sales 2019 - 2024'!$C:$C,AU$4,'Sales 2019 - 2024'!$D:$D,$A14) -> 43315.901 | AV14: =SUMIFS('Sales 2019 - 2024'!$E:$E,'Sales 2019 - 2024'!$A:$A,$C14,'Sales 2019 - 2024'!$B:$B,$AO$2,'Sales 2019 - 2024'!$C:$C,AV$4,'Sales 2019 - 2024'!$D:$D,$A14) -> 10519.834 | AW14: =SUM(AO14:AV14) -> 301326.04 | AX14: =SUMIFS('Sales 2019 - 2024'!$E:$E,'Sales 2019 - 2024'!$A:$A,$C14,'Sales 2019 - 2024'!$B:$B,$AO$2,'Sales 2019 - 2024'!$C:$C,AX$4,'Sales 2019 - 2024'!$D:$D,$A14) -> 10254.517 | AY14: =SUMIFS('Sales 2019 - 2024'!$E:$E,'Sales 2019 - 2024'!$A:$A,$C14,'Sales 2019 - 2024'!$B:$B,$AO$2,'Sales 2019 - 2024'!$C:$C,AY$4,'Sales 2019 - 2024'!$D:$D,$A14) -> 3295.4402 | AZ14: =SUMIFS('Sales 2019 - 2024'!$E:$E,'Sales 2019 - 2024'!$A:$A,$C14,'Sales 2019 - 2024'!$B:$B,$AO$2,'Sales 2019 - 2024'!$C:$C,AZ$4,'Sales 2019 - 2024'!$D:$D,$A14) -> 27925.722 | BA14: =SUMIFS('Sales 2019 - 2024'!$E:$E,'Sales 2019 - 2024'!$A:$A,$C14,'Sales 2019 - 2024'!$B:$B,$AO$2,'Sales 2019 - 2024'!$C:$C,BA$4,'Sales 2019 - 2024'!$D:$D,$A14) -> 66.96079 | BB14: =SUMIFS('Sales 2019 - 2024'!$E:$E,'Sales 2019 - 2024'!$A:$A,$C14,'Sales 2019 - 2024'!$B:$B,$AO$2,'Sales 2019 - 2024'!$C:$C,BB$4,'Sales 2019 - 2024'!$D:$D,$A14) -> 2696.873 | BC14: =SUMIFS('Sales 2019 - 2024'!$E:$E,'Sales 2019 - 2024'!$A:$A,$C14,'Sales 2019 - 2024'!$B:$B,$AO$2,'Sales 2019 - 2024'!$C:$C,BC$4,'Sales 2019 - 2024'!$D:$D,$A14) -> 4135.1197 | BD14: =SUMIFS('Sales 2019 - 2024'!$E:$E,'Sales 2019 - 2024'!$A:$A,$C14,'Sales 2019 - 2024'!$B:$B,$AO$2,'Sales 2019 - 2024'!$C:$C,BD$4,'Sales 2019 - 2024'!$D:$D,$A14) -> 471.2922 | BE14: =SUMIFS('Sales 2019 - 2024'!$E:$E,'Sales 2019 - 2024'!$A:$A,$C14,'Sales 2019 - 2024'!$B:$B,$AO$2,'Sales 2019 - 2024'!$C:$C,BE$4,'Sales 2019 - 2024'!$D:$D,$A14) -> 22459.281 | BF14: =SUMIFS('Sales 2019 - 2024'!$E:$E,'Sales 2019 - 2024'!$A:$A,$C14,'Sales 2019 - 2024'!$B:$B,$AO$2,'Sales 2019 - 2024'!$C:$C,BF$4,'Sales 2019 - 2024'!$D:$D,$A14) -> 0 | BG14: =SUM(AX14:BF14) -> 71305.206 | BH14: =BI14-BG14-AW14 -> 38263.015 | BI14: =SUMIFS('Sales 2019 - 2024'!P:P,'Sales 2019 - 2024'!N:N,'X5 Template Goals - Tab 1'!AM14) -> 410894.26 | BJ14: =J14*1000=BI14 -> TRUE | BS14: =SUM(BK14:BR14) -> 0
A15: Result | C15: SA | D15: =SUMIFS(AfO!D:D,AfO!$A:$A,$C15,AfO!$B:$B,$A15)/1000 -> 91.900906 | E15: =SUMIFS(AfO!E:E,AfO!$A:$A,$C15,AfO!$B:$B,$A15)/1000 -> 72.307948 | F15: =SUMIFS(AfO!F:F,AfO!$A:$A,$C15,AfO!$B:$B,$A15)/1000 -> 85.152506 | G15: =SUMIFS(AfO!G:G,AfO!$A:$A,$C15,AfO!$B:$B,$A15)/1000 -> 122.5631 | H15: =SUMIFS(AfO!H:H,AfO!$A:$A,$C15,AfO!$B:$B,$A15)/1000 -> 99.88517 | I15: =SUMIFS(AfO!J:J,AfO!$A:$A,$C15,AfO!$B:$B,$A15)/1000 -> 105.30092 | J15: =SUMIFS(AfO!I:I,AfO!$A:$A,$C15,AfO!$B:$B,$A15)/1000 -> 123.39882 | L15: =SUM(L46,L56,L76,L86,L96,L228,L238,L248,L258,L279,L289,L299,L309,L319,L127,L137) -> 3 | M15: =SUM(M46,M56,M76,M86,M96,M228,M238,M248,M258,M279,M289,M299,M309,M319,M127,M137) -> 4 | N15: =SUM(N46,N56,N76,N86,N96,N228,N238,N248,N258,N279,N289,N299,N309,N319,N127,N137) -> 0 | O15: =SUM(O46,O56,O76,O86,O96,O228,O238,O248,O258,O279,O289,O299,O309,O319,O127,O137) -> 22 | P15: =SUM(P46,P56,P76,P86,P96,P228,P238,P248,P258,P279,P289,P299,P309,P319,P127,P137) -> 65 | Q15: =SUM(Q46,Q56,Q76,Q86,Q96,Q228,Q238,Q248,Q258,Q279,Q289,Q299,Q309,Q319,Q127,Q137) -> 32 | R15: =SUM(R46,R56,R76,R86,R96,R228,R238,R248,R258,R279,R289,R299,R309,R319,R127,R137) -> 3 | S15: =SUM(S46,S56,S76,S86,S96,S228,S238,S248,S258,S279,S289,S299,S309,S319,S127,S137) -> 1 | U15: =SUM(U127,U137,U157,U167,U177,U187,U197,U228,U238,U248,U258,U279,U289,U299,U309,U319,U207) -> 2 | V15: =SUM(V127,V137,V157,V167,V177,V187,V197,V228,V238,V248,V258,V279,V289,V299,V309,V319,V207) -> 6 | W15: =SUM(W127,W137,W157,W167,W177,W187,W197,W228,W238,W248,W258,W279,W289,W299,W309,W319,W207) -> 9 | X15: =SUM(X127,X137,X157,X167,X177,X187,X197,X228,X238,X248,X258,X279,X289,X299,X309,X319,X207) -> 5 | Y15: =SUM(Y127,Y137,Y157,Y167,Y177,Y187,Y197,Y228,Y238,Y248,Y258,Y279,Y289,Y299,Y309,Y319,Y207) -> 3 | Z15: =SUM(Z127,Z137,Z157,Z167,Z177,Z187,Z197,Z228,Z238,Z248,Z258,Z279,Z289,Z299,Z309,Z319,Z207) -> 19 | AA15: =SUM(AA127,AA137,AA157,AA167,AA177,AA187,AA197,AA228,AA238,AA248,AA258,AA279,AA289,AA299,AA309,AA319,AA207) -> 0 | AB15: =SUM(AB127,AB137,AB157,AB167,AB177,AB187,AB197,AB228,AB238,AB248,AB258,AB279,AB289,AB299,AB309,AB319,AB207) -> 10 | AC15: =SUM(AC127,AC137,AC157,AC167,AC177,AC187,AC197,AC228,AC238,AC248,AC258,AC279,AC289,AC299,AC309,AC319,AC207) -> 0 | AD15: =SUM(L15:AC15) -> 184 | AE15: =AD15+J15 -> 307.39882 | AF15: =(((J15/D15))^(1/5))-1 -> 0.060713853 | AG15: =(((AE15/J15))^(1/5))-1 -> 0.20026803 | AH15: {=_xlfn.IFS(AG15>=(AF15+0.01),1,AG15>=(AF15-0.01),0,AG15<=(AF15-0.01),-1)} -> 1 | AM15: SA | AO15: =SUMIFS('Sales 2019 - 2024'!$E:$E,'Sales 2019 - 2024'!$A:$A,$C15,'Sales 2019 - 2024'!$B:$B,$AO$2,'Sales 2019 - 2024'!$C:$C,AO$4,'Sales 2019 - 2024'!$D:$D,$A15) -> 25962.848 | AP15: =SUMIFS('Sales 2019 - 2024'!$E:$E,'Sales 2019 - 2024'!$A:$A,$C15,'Sales 2019 - 2024'!$B:$B,$AO$2,'Sales 2019 - 2024'!$C:$C,AP$4,'Sales 2019 - 2024'!$D:$D,$A15) -> 2861.1132 | AQ15: =SUMIFS('Sales 2019 - 2024'!$E:$E,'Sales 2019 - 2024'!$A:$A,$C15,'Sales 2019 - 2024'!$B:$B,$AO$2,'Sales 2019 - 2024'!$C:$C,AQ$4,'Sales 2019 - 2024'!$D:$D,$A15) -> 11.1131 | AR15: =SUMIFS('Sales 2019 - 2024'!$E:$E,'Sales 2019 - 2024'!$A:$A,$C15,'Sales 2019 - 2024'!$B:$B,$AO$2,'Sales 2019 - 2024'!$C:$C,AR$4,'Sales 2019 - 2024'!$D:$D,$A15) -> 31962.993 | AS15: =SUMIFS('Sales 2019 - 2024'!$E:$E,'Sales 2019 - 2024'!$A:$A,$C15,'Sales 2019 - 2024'!$B:$B,$AO$2,'Sales 2019 - 2024'!$C:$C,AS$4,'Sales 2019 - 2024'!$D:$D,$A15) -> 3665.3591 | AT15: =SUMIFS('Sales 2019 - 2024'!$E:$E,'Sales 2019 - 2024'!$A:$A,$C15,'Sales 2019 - 2024'!$B:$B,$AO$2,'Sales 2019 - 2024'!$C:$C,AT$4,'Sales 2019 - 2024'!$D:$D,$A15) -> 4131.1716 | AU15: =SUMIFS('Sales 2019 - 2024'!$E:$E,'Sales 2019 - 2024'!$A:$A,$C15,'Sales 2019 - 2024'!$B:$B,$AO$2,'Sales 2019 - 2024'!$C:$C,AU$4,'Sales 2019 - 2024'!$D:$D,$A15) -> 2028.5057 | AV15: =SUMIFS('Sales 2019 - 2024'!$E:$E,'Sales 2019 - 2024'!$A:$A,$C15,'Sales 2019 - 2024'!$B:$B,$AO$2,'Sales 2019 - 2024'!$C:$C,AV$4,'Sales 2019 - 2024'!$D:$D,$A15) -> 67.79452 | AW15: =SUM(AO15:AV15) -> 70690.897 | AX15: =SUMIFS('Sales 2019 - 2024'!$E:$E,'Sales 2019 - 2024'!$A:$A,$C15,'Sales 2019 - 2024'!$B:$B,$AO$2,'Sales 2019 - 2024'!$C:$C,AX$4,'Sales 2019 - 2024'!$D:$D,$A15) -> 661.02322 | AY15: =SUMIFS('Sales 2019 - 2024'!$E:$E,'Sales 2019 - 2024'!$A:$A,$C15,'Sales 2019 - 2024'!$B:$B,$AO$2,'Sales 2019 - 2024'!$C:$C,AY$4,'Sales 2019 - 2024'!$D:$D,$A15) -> 1159.7418 | AZ15: =SUMIFS('Sales 2019 - 2024'!$E:$E,'Sales 2019 - 2024'!$A:$A,$C15,'Sales 2019 - 2024'!$B:$B,$AO$2,'Sales 2019 - 2024'!$C:$C,AZ$4,'Sales 2019 - 2024'!$D:$D,$A15) -> 0 | BA15: =SUMIFS('Sales 2019 - 2024'!$E:$E,'Sales 2019 - 2024'!$A:$A,$C15,'Sales 2019 - 2024'!$B:$B,$AO$2,'Sales 2019 - 2024'!$C:$C,BA$4,'Sales 2019 - 2024'!$D:$D,$A15) -> 1108.4729 | BB15: =SUMIFS('Sales 2019 - 2024'!$E:$E,'Sales 2019 - 2024'!$A:$A,$C15,'Sales 2019 - 2024'!$B:$B,$AO$2,'Sales 2019 - 2024'!$C:$C,BB$4,'Sales 2019 - 2024'!$D:$D,$A15) -> 1033.7359 | BC15: =SUMIFS('Sales 2019 - 2024'!$E:$E,'Sales 2019 - 2024'!$A:$A,$C15,'Sales 2019 - 2024'!$B:$B,$AO$2,'Sales 2019 - 2024'!$C:$C,BC$4,'Sales 2019 - 2024'!$D:$D,$A15) -> 15113.223 | BD15: =SUMIFS('Sales 2019 - 2024'!$E:$E,'Sales 2019 - 2024'!$A:$A,$C15,'Sales 2019 - 2024'!$B:$B,$AO$2,'Sales 2019 - 2024'!$C:$C,BD$4,'Sales 2019 - 2024'!$D:$D,$A15) -> 0 | BE15: =SUMIFS('Sales 2019 - 2024'!$E:$E,'Sales 2019 - 2024'!$A:$A,$C15,'Sales 2019 - 2024'!$B:$B,$AO$2,'Sales 2019 - 2024'!$C:$C,BE$4,'Sales 2019 - 2024'!$D:$D,$A15) -> 5458.7752 | BF15: =SUMIFS('Sales 2019 - 2024'!$E:$E,'Sales 2019 - 2024'!$A:$A,$C15,'Sales 2019 - 2024'!$B:$B,$AO$2,'Sales 2019 - 2024'!$C:$C,BF$4,'Sales 2019 - 2024'!$D:$D,$A15) -> 0 | BG15: =SUM(AX15:BF15) -> 24534.972 | BH15: =BI15-BG15-AW15 -> 28172.947 | BI15: =SUMIFS('Sales 2019 - 2024'!P:P,'Sales 2019 - 2024'!N:N,'X5 Template Goals - Tab 1'!AM15) -> 123398.82 | BJ15: =J15*1000=BI15 -> TRUE | BS15: =SUM(BK15:BR15) -> 0
A16: Overall Result | B16: Overall | C16: Result | D16: =SUM(D8:D15) -> 1740.6113 | E16: =SUM(E8:E15) -> 1789.7402 | F16: =SUM(F8:F15) -> 2161.4626 | G16: =SUM(G8:G15) -> 2722.0949 | H16: =SUM(H8:H15) -> 2872.4323 | I16: =SUM(I8:I15) -> 3266.363 | J16: =SUM(J8:J15) -> 3372.8648 | L16: =SUM(L8:L15) -> 48 | M16: =SUM(M8:M15) -> 55 | N16: =SUM(N8:N15) -> 62 | O16: =SUM(O8:O15) -> 796.61755 | P16: =SUM(P8:P15) -> 490.81192 | Q16: =SUM(Q8:Q15) -> 291.93702 | R16: =SUM(R8:R15) -> 118 | S16: =SUM(S8:S15) -> 112.00331 | U16: =SUM(U8:U15) -> 49 | V16: =SUM(V8:V15) -> 66 | W16: =SUM(W8:W15) -> 142 | X16: =SUM(X8:X15) -> 59 | Y16: =SUM(Y8:Y15) -> 57 | Z16: =SUM(Z8:Z15) -> 203 | AA16: =SUM(AA8:AA15) -> 46 | AB16: =SUM(AB8:AB15) -> 116 | ... AD16: =SUM(AD8:AD15) -> 2757.3698 | AE16: =AD16+J16 -> 6130.2346 | AF16: =(((J16/D16))^(1/5))-1 -> 0.14145666 | AG16: =(((AE16/J16))^(1/5))-1 -> 0.1269266 | AH16: {=_xlfn.IFS(AG16>=(AF16+0.01),1,AG16>=(AF16-0.01),0,AG16<=(AF16-0.01),-1)} -> -1 | AL16: =B16 -> Overall | AM16: Result | AO16: =SUM(AO8:AO15) -> 115923.38 | AP16: =SUM(AP8:AP15) -> 128242.58 | AQ16: =SUM(AQ8:AQ15) -> 31893.566 | AR16: =SUM(AR8:AR15) -> 1502414.7 | AS16: =SUM(AS8:AS15) -> 307067.17 | AT16: =SUM(AT8:AT15) -> 197044.1 | AU16: =SUM(AU8:AU15) -> 89529.452 | AV16: =SUM(AV8:AV15) -> 66626.219 | ... BF16: =SUM(BF8:BF15) -> 0 | BG16: =SUM(AX16:BF16) -> 533768.37 | BH16: =BI16-BG16-AW16 -> 400355.28 | BI16: =SUMIFS('Sales 2019 - 2024'!P:P,'Sales 2019 - 2024'!N:N,"Overall Result") -> 3372864.8 | BJ16: =J16*1000=BI16 -> TRUE | BS16: =SUM(BS8:BS15) -> 0
B17: =B16 -> Overall | C17: Prior X5 GROWTH | L17: =SUM(L48,L58,L78,L88,L98,L230,L240,L250,L260,L281,L291,L301,L311,L321,L129,L139) -> 80 | M17: =SUM(M48,M58,M78,M88,M98,M230,M240,M250,M260,M281,M291,M301,M311,M321,M129,M139) -> 118.80646 | N17: =SUM(N48,N58,N78,N88,N98,N230,N240,N250,N260,N281,N291,N301,N311,N321,N129,N139) -> 70.151051 | O17: =SUM(O48,O58,O78,O88,O98,O230,O240,O250,O260,O281,O291,O301,O311,O321,O129,O139) -> 214.79458 | P17: =SUM(P48,P58,P78,P88,P98,P230,P240,P250,P260,P281,P291,P301,P311,P321,P129,P139) -> 300.50262 | Q17: =SUM(Q48,Q58,Q78,Q88,Q98,Q230,Q240,Q250,Q260,Q281,Q291,Q301,Q311,Q321,Q129,Q139) -> 256.41666 | R17: =SUM(R48,R58,R78,R88,R98,R230,R240,R250,R260,R281,R291,R301,R311,R321,R129,R139) -> 55.712957 | S17: =SUM(S48,S58,S78,S88,S98,S230,S240,S250,S260,S281,S291,S301,S311,S321,S129,S139) -> 199.71216 | U17: =SUM(U129,U139,U159,U169,U179,U189,U199,U230,U240,U250,U260,U281,U291,U301,U311,U321,U209) -> 31.959228 | V17: =SUM(V129,V139,V159,V169,V179,V189,V199,V230,V240,V250,V260,V281,V291,V301,V311,V321,V209) -> 71.009935 | W17: =SUM(W129,W139,W159,W169,W179,W189,W199,W230,W240,W250,W260,W281,W291,W301,W311,W321,W209) -> 99.252824 | X17: =SUM(X129,X139,X159,X169,X179,X189,X199,X230,X240,X250,X260,X281,X291,X301,X311,X321,X209) -> 56.038755 | Y17: =SUM(Y129,Y139,Y159,Y169,Y179,Y189,Y199,Y230,Y240,Y250,Y260,Y281,Y291,Y301,Y311,Y321,Y209) -> 66.30061 | Z17: =SUM(Z129,Z139,Z159,Z169,Z179,Z189,Z199,Z230,Z240,Z250,Z260,Z281,Z291,Z301,Z311,Z321,Z209) -> 119.27 | AA17: =SUM(AA129,AA139,AA159,AA169,AA179,AA189,AA199,AA230,AA240,AA250,AA260,AA281,AA291,AA301,AA311,AA321,AA209) -> 28.6 | AB17: =SUM(AB129,AB139,AB159,AB169,AB179,AB189,AB199,AB230,AB240,AB250,AB260,AB281,AB291,AB301,AB311,AB321,AB209) -> 192.58044 | AC17: =SUM(AC129,AC139,AC159,AC169,AC179,AC189,AC199,AC230,AC240,AC250,AC260,AC281,AC291,AC301,AC311,AC321,AC209) -> 0 | AD17: =SUM(L17:AC17) -> 1961.1083 | AE17: =J16+AD17 -> 5333.9731 | AF17: =AF16 -> 0.14145666 | AG17: =(((AE17/J16))^(1/5))-1 -> 0.095999553 | AH17: {=_xlfn.IFS(AG17>=(AF17+0.01),1,AG17>=(AF17-0.01),0,AG17<=(AF17-0.01),-1)} -> -1 | AL17: =AL16 -> Overall | AM17: Prior X5 GROWTH | BJ17: =J17*1000=BI17 -> TRUE
BJ18: =J18*1000=BI18 -> TRUE
A19: Result | B19: Beverage | C19: EUR | D19: =SUM(D29,D59) -> 760.68306 | E19: =SUM(E29,E59) -> 772.94133 | F19: =SUM(F29,F59) -> 825.04994 | G19: =SUM(G29,G59) -> 960.00371 | H19: =SUM(H29,H59) -> 1022.6333 | I19: =SUM(I29,I59) -> 1145.2884 | J19: =SUM(J29,J59) -> 1107.4752 | L19: =SUM(L39,L49,L69,L79,L89) -> 14 | M19: =SUM(M39,M49,M69,M79,M89) -> 15 | N19: =SUM(N39,N49,N69,N79,N89) -> 1 | O19: =SUM(O39,O49,O69,O79,O89) -> 184.74254 | P19: =SUM(P39,P49,P69,P79,P89) -> 82.984577 | Q19: =SUM(Q39,Q49,Q69,Q79,Q89) -> 21.937025 | R19: =SUM(R39,R49,R69,R79,R89) -> 2 | S19: =SUM(S39,S49,S69,S79,S89) -> 24.4881 | AD19: =SUM(L19:AC19) -> 346.15225 | AE19: =AD19+J19 -> 1453.6274 | AF19: =(((J19/D19))^(1/5))-1 -> 0.078018095 | AG19: =(((AE19/J19))^(1/5))-1 -> 0.055902508 | AH19: {=_xlfn.IFS(AG19>=(AF19+0.01),1,AG19>=(AF19-0.01),0,AG19<=(AF19-0.01),-1)} -> -1 | AL19: Beverage | AM19: EUR | AO19: =SUM(AO39,AO49,AO69,AO79,AO89) -> 53958.933 | AP19: =SUM(AP39,AP49,AP69,AP79,AP89) -> 80675.488 | AQ19: =SUM(AQ39,AQ49,AQ69,AQ79,AQ89) -> 10003.263 | AR19: =SUM(AR39,AR49,AR69,AR79,AR89) -> 550352.63 | AS19: =SUM(AS39,AS49,AS69,AS79,AS89) -> 169499.75 | AT19: =SUM(AT39,AT49,AT69,AT79,AT89) -> 65674.422 | AU19: =SUM(AU39,AU49,AU69,AU79,AU89) -> 9638.6993 | AV19: =SUM(AV39,AV49,AV69,AV79,AV89) -> 30186.578 | ... BI19: =SUM(BI39,BI49,BI69,BI79,BI89) -> 1107475.2 | BJ19: =J19*1000=BI19 -> TRUE | BS19: =SUM(BK19:BR19) -> 0
A20: Result | C20: CIS | D20: =SUM(D30,D60) -> 108.35578 | E20: =SUM(E30,E60) -> 116.85998 | F20: =SUM(F30,F60) -> 148.86552 | G20: =SUM(G30,G60) -> 204.93624 | H20: =SUM(H30,H60) -> 237.44619 | I20: =SUM(I30,I60) -> 252.4135 | J20: =SUM(J30,J60) -> 250.28467 | L20: =SUM(L40,L50,L70,L80,L90) -> 6 | M20: =SUM(M40,M50,M70,M80,M90) -> 7 | N20: =SUM(N40,N50,N70,N80,N90) -> 0 | O20: =SUM(O40,O50,O70,O80,O90) -> 42 | P20: =SUM(P40,P50,P70,P80,P90) -> 21.159186 | Q20: =SUM(Q40,Q50,Q70,Q80,Q90) -> 22 | R20: =SUM(R40,R50,R70,R80,R90) -> 0 | S20: =SUM(S40,S50,S70,S80,S90) -> 4 | AD20: =SUM(L20:AC20) -> 102.15919 | AE20: =AD20+J20 -> 352.44385 | AF20: =(((J20/D20))^(1/5))-1 -> 0.18226935 | AG20: =(((AE20/J20))^(1/5))-1 -> 0.070856159 | AH20: {=_xlfn.IFS(AG20>=(AF20+0.01),1,AG20>=(AF20-0.01),0,AG20<=(AF20-0.01),-1)} -> -1 | AM20: CIS | AO20: =SUM(AO40,AO50,AO70,AO80,AO90) -> 6533.1948 | AP20: =SUM(AP40,AP50,AP70,AP80,AP90) -> 11206.278 | AQ20: =SUM(AQ40,AQ50,AQ70,AQ80,AQ90) -> 0.2184 | AR20: =SUM(AR40,AR50,AR70,AR80,AR90) -> 90749.162 | AS20: =SUM(AS40,AS50,AS70,AS80,AS90) -> 39851.939 | AT20: =SUM(AT40,AT50,AT70,AT80,AT90) -> 58762.055 | AU20: =SUM(AU40,AU50,AU70,AU80,AU90) -> 69.20659 | AV20: =SUM(AV40,AV50,AV70,AV80,AV90) -> 6123.0741 | ... BI20: =SUM(BI40,BI50,BI70,BI80,BI90) -> 250284.67 | BJ20: =J20*1000=BI20 -> TRUE | BS20: =SUM(BK20:BR20) -> 0
A21: Result | C21: MEA | D21: =SUM(D31,D61) -> 96.552151 | E21: =SUM(E31,E61) -> 95.832332 | F21: =SUM(F31,F61) -> 143.82469 | G21: =SUM(G31,G61) -> 189.02251 | H21: =SUM(H31,H61) -> 204.95382 | I21: =SUM(I31,I61) -> 237.08258 | J21: =SUM(J31,J61) -> 245.72398 | L21: =SUM(L41,L51,L71,L81,L91) -> 9 | M21: =SUM(M41,M51,M71,M81,M91) -> 8 | N21: =SUM(N41,N51,N71,N81,N91) -> 0 | O21: =SUM(O41,O51,O71,O81,O91) -> 106.20681 | P21: =SUM(P41,P51,P71,P81,P91) -> 55.034735 | Q21: =SUM(Q41,Q51,Q71,Q81,Q91) -> 41 | R21: =SUM(R41,R51,R71,R81,R91) -> 2 | S21: =SUM(S41,S51,S71,S81,S91) -> 0 | AD21: =SUM(L21:AC21) -> 221.24155 | AE21: =AD21+J21 -> 466.96553 | AF21: =(((J21/D21))^(1/5))-1 -> 0.20541646 | AG21: =(((AE21/J21))^(1/5))-1 -> 0.1370183 | AH21: {=_xlfn.IFS(AG21>=(AF21+0.01),1,AG21>=(AF21-0.01),0,AG21<=(AF21-0.01),-1)} -> -1 | AM21: MEA | AO21: =SUM(AO41,AO51,AO71,AO81,AO91) -> 12653.884 | AP21: =SUM(AP41,AP51,AP71,AP81,AP91) -> 10795.558 | AQ21: =SUM(AQ41,AQ51,AQ71,AQ81,AQ91) -> 159.26928 | AR21: =SUM(AR41,AR51,AR71,AR81,AR91) -> 114951.95 | AS21: =SUM(AS41,AS51,AS71,AS81,AS91) -> 32340.863 | AT21: =SUM(AT41,AT51,AT71,AT81,AT91) -> 42601.765 | AU21: =SUM(AU41,AU51,AU71,AU81,AU91) -> 7897.6382 | AV21: =SUM(AV41,AV51,AV71,AV81,AV91) -> 645.03611 | ... BI21: =SUM(BI41,BI51,BI71,BI81,BI91) -> 245723.98 | BJ21: =J21*1000=BI21 -> TRUE | BS21: =SUM(BK21:BR21) -> 0
A22: Result | C22: TIP | D22: =SUM(D32,D62) -> 53.130214 | E22: =SUM(E32,E62) -> 61.875926 | F22: =SUM(F32,F62) -> 59.42079 | G22: =SUM(G32,G62) -> 64.723588 | H22: =SUM(H32,H62) -> 71.278554 | I22: =SUM(I32,I62) -> 88.729741 | J22: =SUM(J32,J62) -> 89.398618 | L22: =SUM(L42,L52,L72,L82,L92) -> 1 | M22: =SUM(M42,M52,M72,M82,M92) -> 2 | N22: =SUM(N42,N52,N72,N82,N92) -> 0 | O22: =SUM(O42,O52,O72,O82,O92) -> 61 | P22: =SUM(P42,P52,P72,P82,P92) -> 34.168945 | Q22: =SUM(Q42,Q52,Q72,Q82,Q92) -> 5 | R22: =SUM(R42,R52,R72,R82,R92) -> 1 | S22: =SUM(S42,S52,S72,S82,S92) -> 2 | AD22: =SUM(L22:AC22) -> 106.16895 | AE22: =AD22+J22 -> 195.56756 | AF22: =(((J22/D22))^(1/5))-1 -> 0.10968023 | AG22: =(((AE22/J22))^(1/5))-1 -> 0.16948109 | AH22: {=_xlfn.IFS(AG22>=(AF22+0.01),1,AG22>=(AF22-0.01),0,AG22<=(AF22-0.01),-1)} -> 1 | AM22: TIP | AO22: =SUM(AO42,AO52,AO72,AO82,AO92) -> 1774.2081 | AP22: =SUM(AP42,AP52,AP72,AP82,AP92) -> 1702.2383 | AQ22: =SUM(AQ42,AQ52,AQ72,AQ82,AQ92) -> 251.59997 | AR22: =SUM(AR42,AR52,AR72,AR82,AR92) -> 40701.706 | AS22: =SUM(AS42,AS52,AS72,AS82,AS92) -> 18807.68 | AT22: =SUM(AT42,AT52,AT72,AT82,AT92) -> 4911.3871 | AU22: =SUM(AU42,AU52,AU72,AU82,AU92) -> 1253.5106 | AV22: =SUM(AV42,AV52,AV72,AV82,AV92) -> 4041.5446 | ... BI22: =SUM(BI42,BI52,BI72,BI82,BI92) -> 89398.618 | BJ22: =J22*1000=BI22 -> TRUE | BS22: =SUM(BK22:BR22) -> 0
A23: Result | C23: WAPAC | D23: =SUM(D33,D63) -> 35.160376 | E23: =SUM(E33,E63) -> 32.643278 | F23: =SUM(F33,F63) -> 49.865618 | G23: =SUM(G33,G63) -> 70.661439 | H23: =SUM(H33,H63) -> 72.120825 | I23: =SUM(I33,I63) -> 88.946097 | J23: =SUM(J33,J63) -> 80.171139 | L23: =SUM(L43,L53,L73,L83,L93) -> 3 | M23: =SUM(M43,M53,M73,M83,M93) -> 8 | N23: =SUM(N43,N53,N73,N83,N93) -> 1 | O23: =SUM(O43,O53,O73,O83,O93) -> 60.2 | P23: =SUM(P43,P53,P73,P83,P93) -> 25.116648 | Q23: =SUM(Q43,Q53,Q73,Q83,Q93) -> 10 | R23: =SUM(R43,R53,R73,R83,R93) -> 0 | S23: =SUM(S43,S53,S73,S83,S93) -> 2 | AD23: =SUM(L23:AC23) -> 109.31665 | AE23: =AD23+J23 -> 189.48779 | AF23: =(((J23/D23))^(1/5))-1 -> 0.17921476 | AG23: =(((AE23/J23))^(1/5))-1 -> 0.18771607 | AH23: {=_xlfn.IFS(AG23>=(AF23+0.01),1,AG23>=(AF23-0.01),0,AG23<=(AF23-0.01),-1)} -> 0 | AM23: WAPAC | AO23: =SUM(AO43,AO53,AO73,AO83,AO93) -> 5116.686 | AP23: =SUM(AP43,AP53,AP73,AP83,AP93) -> 2463.8165 | AQ23: =SUM(AQ43,AQ53,AQ73,AQ83,AQ93) -> 830.13155 | AR23: =SUM(AR43,AR53,AR73,AR83,AR93) -> 50621.079 | AS23: =SUM(AS43,AS53,AS73,AS83,AS93) -> 5746.3063 | AT23: =SUM(AT43,AT53,AT73,AT83,AT93) -> 3443.414 | AU23: =SUM(AU43,AU53,AU73,AU83,AU93) -> 145.53311 | AV23: =SUM(AV43,AV53,AV73,AV83,AV93) -> 208.26746 | ... BI23: =SUM(BI43,BI53,BI73,BI83,BI93) -> 80171.139 | BJ23: =J23*1000=BI23 -> TRUE | BS23: =SUM(BK23:BR23) -> 0
A24: Result | C24: EAPAC | D24: =SUM(D34,D64) -> 44.12168 | E24: =SUM(E34,E64) -> 60.874212 | F24: =SUM(F34,F64) -> 90.877834 | G24: =SUM(G34,G64) -> 112.09996 | H24: =SUM(H34,H64) -> 131.55435 | I24: =SUM(I34,I64) -> 130.44752 | J24: =SUM(J34,J64) -> 148.59599 | L24: =SUM(L44,L54,L74,L84,L94) -> 6 | M24: =SUM(M44,M54,M74,M84,M94) -> 4 | N24: =SUM(N44,N54,N74,N84,N94) -> 0 | O24: =SUM(O44,O54,O74,O84,O94) -> 120.46819 | P24: =SUM(P44,P54,P74,P84,P94) -> 76.564085 | Q24: =SUM(Q44,Q54,Q74,Q84,Q94) -> 55 | R24: =SUM(R44,R54,R74,R84,R94) -> 0 | S24: =SUM(S44,S54,S74,S84,S94) -> 1 | AD24: =SUM(L24:AC24) -> 263.03227 | AE24: =AD24+J24 -> 411.62827 | AF24: =(((J24/D24))^(1/5))-1 -> 0.274885 | AG24: =(((AE24/J24))^(1/5))-1 -> 0.22602583 | AH24: {=_xlfn.IFS(AG24>=(AF24+0.01),1,AG24>=(AF24-0.01),0,AG24<=(AF24-0.01),-1)} -> -1 | AM24: EAPAC | AO24: =SUM(AO44,AO54,AO74,AO84,AO94) -> 3867.2243 | AP24: =SUM(AP44,AP54,AP74,AP84,AP94) -> 6720.4254 | AQ24: =SUM(AQ44,AQ54,AQ74,AQ84,AQ94) -> 265.01831 | AR24: =SUM(AR44,AR54,AR74,AR84,AR94) -> 80303.421 | AS24: =SUM(AS44,AS54,AS74,AS84,AS94) -> 9488.5655 | AT24: =SUM(AT44,AT54,AT74,AT84,AT94) -> 12922.178 | AU24: =SUM(AU44,AU54,AU74,AU84,AU94) -> 6990.979 | AV24: =SUM(AV44,AV54,AV74,AV84,AV94) -> 878.55945 | ... BI24: =SUM(BI44,BI54,BI74,BI84,BI94) -> 148595.99 | BJ24: =J24*1000=BI24 -> TRUE | BS24: =SUM(BK24:BR24) -> 0
A25: Result | C25: NA | D25: =SUM(D35,D65) -> 86.736019 | E25: =SUM(E35,E65) -> 72.381951 | F25: =SUM(F35,F65) -> 124.5386 | G25: =SUM(G35,G65) -> 190.25861 | H25: =SUM(H35,H65) -> 192.71146 | I25: =SUM(I35,I65) -> 201.5257 | J25: =SUM(J35,J65) -> 221.94983 | L25: =SUM(L45,L55,L75,L85,L95) -> 6 | M25: =SUM(M45,M55,M75,M85,M95) -> 7 | N25: =SUM(N45,N55,N75,N85,N95) -> 0 | O25: =SUM(O45,O55,O75,O85,O95) -> 107 | P25: =SUM(P45,P55,P75,P85,P95) -> 113.78374 | Q25: =SUM(Q45,Q55,Q75,Q85,Q95) -> 56 | R25: =SUM(R45,R55,R75,R85,R95) -> 1 | S25: =SUM(S45,S55,S75,S85,S95) -> 26.515205 | AD25: =SUM(L25:AC25) -> 317.29895 | AE25: =AD25+J25 -> 539.24877 | AF25: =(((J25/D25))^(1/5))-1 -> 0.20673266 | AG25: =(((AE25/J25))^(1/5))-1 -> 0.19428196 | AH25: {=_xlfn.IFS(AG25>=(AF25+0.01),1,AG25>=(AF25-0.01),0,AG25<=(AF25-0.01),-1)} -> -1 | AM25: NA | AO25: =SUM(AO45,AO55,AO75,AO85,AO95) -> 535.73601 | AP25: =SUM(AP45,AP55,AP75,AP85,AP95) -> 7970.8101 | AQ25: =SUM(AQ45,AQ55,AQ75,AQ85,AQ95) -> 0 | AR25: =SUM(AR45,AR55,AR75,AR85,AR95) -> 172434.69 | AS25: =SUM(AS45,AS55,AS75,AS85,AS95) -> 2075.4029 | AT25: =SUM(AT45,AT55,AT75,AT85,AT95) -> 0 | AU25: =SUM(AU45,AU55,AU75,AU85,AU95) -> 5437.4748 | AV25: =SUM(AV45,AV55,AV75,AV85,AV95) -> 4277.0069 | ... BI25: =SUM(BI45,BI55,BI75,BI85,BI95) -> 221949.83 | BJ25: =J25*1000=BI25 -> TRUE | BS25: =SUM(BK25:BR25) -> 0
A26: Result | C26: SA | D26: =SUM(D36,D66) -> 47.014133 | E26: =SUM(E36,E66) -> 37.381974 | F26: =SUM(F36,F66) -> 54.646984 | G26: =SUM(G36,G66) -> 86.215074 | H26: =SUM(H36,H66) -> 60.913039 | I26: =SUM(I36,I66) -> 69.040142 | J26: =SUM(J36,J66) -> 76.9146 | L26: =SUM(L46,L56,L76,L86,L96) -> 3 | M26: =SUM(M46,M56,M76,M86,M96) -> 4 | N26: =SUM(N46,N56,N76,N86,N96) -> 0 | O26: =SUM(O46,O56,O76,O86,O96) -> 20 | P26: =SUM(P46,P56,P76,P86,P96) -> 65 | Q26: =SUM(Q46,Q56,Q76,Q86,Q96) -> 32 | R26: =SUM(R46,R56,R76,R86,R96) -> 0 | S26: =SUM(S46,S56,S76,S86,S96) -> 1 | AD26: =SUM(L26:AC26) -> 125 | AE26: =AD26+J26 -> 201.9146 | AF26: =(((J26/D26))^(1/5))-1 -> 0.10345867 | AG26: =(((AE26/J26))^(1/5))-1 -> 0.21291897 | AH26: {=_xlfn.IFS(AG26>=(AF26+0.01),1,AG26>=(AF26-0.01),0,AG26<=(AF26-0.01),-1)} -> 1 | AM26: SA | AO26: =SUM(AO46,AO56,AO76,AO86,AO96) -> 25952.554 | AP26: =SUM(AP46,AP56,AP76,AP86,AP96) -> 2793.9245 | AQ26: =SUM(AQ46,AQ56,AQ76,AQ86,AQ96) -> 11.1131 | AR26: =SUM(AR46,AR56,AR76,AR86,AR96) -> 21012.694 | AS26: =SUM(AS46,AS56,AS76,AS86,AS96) -> 3150.5906 | AT26: =SUM(AT46,AT56,AT76,AT86,AT96) -> 4131.1716 | AU26: =SUM(AU46,AU56,AU76,AU86,AU96) -> 455.48423 | AV26: =SUM(AV46,AV56,AV76,AV86,AV96) -> 67.79452 | ... BI26: =SUM(BI46,BI56,BI76,BI86,BI96) -> 76914.6 | BJ26: =J26*1000=BI26 -> TRUE | BS26: =SUM(BK26:BR26) -> 0
A27: Overall Result | B27: Overall | C27: Result | D27: =SUM((D$19:D$26)) -> 1231.7534 | E27: =SUM((E$19:E$26)) -> 1250.791 | F27: =SUM((F$19:F$26)) -> 1497.09 | G27: =SUM((G$19:G$26)) -> 1877.9211 | H27: =SUM((H$19:H$26)) -> 1993.6115 | I27: =SUM((I$19:I$26)) -> 2213.4737 | J27: =SUM((J$19:J$26)) -> 2220.514 | L27: =SUM(L19:L26) -> 48 | M27: =SUM(M19:M26) -> 55 | N27: =SUM(N19:N26) -> 2 | O27: =SUM(O19:O26) -> 701.61755 | P27: =SUM(P19:P26) -> 473.81192 | Q27: =SUM(Q19:Q26) -> 242.93702 | R27: =SUM(R19:R26) -> 6 | S27: =SUM(S19:S26) -> 61.003305 | AD27: =SUM(AD19:AD26) -> 1590.3698 | AE27: =AD27+J27 -> 3810.8838 | AF27: =(((J27/D27))^(1/5))-1 -> 0.12508659 | AG27: =(((AE27/J27))^(1/5))-1 -> 0.11407502 | AH27: {=_xlfn.IFS(AG27>=(AF27+0.01),1,AG27>=(AF27-0.01),0,AG27<=(AF27-0.01),-1)} -> -1 | AL27: =B27 -> Overall | AM27: Result | AO27: =SUM(AO19:AO26) -> 110392.42 | AP27: =SUM(AP19:AP26) -> 124328.54 | AQ27: =SUM(AQ19:AQ26) -> 11520.613 | AR27: =SUM(AR19:AR26) -> 1121127.3 | AS27: =SUM(AS19:AS26) -> 280961.1 | AT27: =SUM(AT19:AT26) -> 192446.39 | AU27: =SUM(AU19:AU26) -> 31888.526 | AV27: =SUM(AV19:AV26) -> 46427.861 | ... BI27: =SUM(BI19:BI26) -> 2220514 | BJ27: =J27*1000=BI27 -> TRUE | BS27: =SUM(BS19:BS26) -> 0
B28: =B27 -> Overall | C28: Prior X5 GROWTH | L28: =SUM(L48,L58,L78,L88,L98) -> 80 | M28: =SUM(M48,M58,M78,M88,M98) -> 118.52848 | N28: =SUM(N48,N58,N78,N88,N98) -> 22.151051 | O28: =SUM(O48,O58,O78,O88,O98) -> 150.39458 | P28: =SUM(P48,P58,P78,P88,P98) -> 277.50549 | Q28: =SUM(Q48,Q58,Q78,Q88,Q98) -> 208.52563 | R28: =SUM(R48,R58,R78,R88,R98) -> 32.412957 | S28: =SUM(S48,S58,S78,S88,S98) -> 63.812164 | AD28: =SUM(L28:AC28) -> 953.33036 | AE28: =J27+AD28 -> 3173.8443 | AF28: =AF27 -> 0.12508659 | AG28: =(((AE28/J27))^(1/5))-1 -> 0.074054755 | AH28: {=_xlfn.IFS(AG28>=(AF28+0.01),1,AG28>=(AF28-0.01),0,AG28<=(AF28-0.01),-1)} -> -1 | AL28: =AL27 -> Overall | AM28: Prior X5 GROWTH | BJ28: =J28*1000=BI28 -> TRUE
B29: Alc. Beverages | C29: EUR | D29: =SUM(D49,D39) -> 150.0676 | E29: =SUM(E49,E39) -> 154.49667 | F29: =SUM(F49,F39) -> 167.17675 | G29: =SUM(G49,G39) -> 191.14074 | H29: =SUM(H49,H39) -> 188.49821 | I29: =SUM(I49,I39) -> 217.35295 | J29: =SUM(J49,J39) -> 214.162 | L29: =SUM(L39,L49) -> 14 | M29: =SUM(M39,M49) -> 15 | N29: =SUM(N39,N49) -> 1 | O29: =SUM(O39,O49) -> 5 | P29: =SUM(P39,P49) -> 2 | Q29: =SUM(Q39,Q49) -> 8 | R29: =SUM(R39,R49) -> 2 | S29: =SUM(S39,S49) -> 4 | AD29: =SUM(L29:AC29) -> 51 | AE29: =AD29+J29 -> 265.162 | AF29: =(((J29/D29))^(1/5))-1 -> 0.073720133 | AG29: =(((AE29/J29))^(1/5))-1 -> 0.04364735 | AH29: {=_xlfn.IFS(AG29>=(AF29+0.01),1,AG29>=(AF29-0.01),0,AG29<=(AF29-0.01),-1)} -> -1 | AL29: Alc. Beverages | AM29: EUR | AO29: =SUM(AO39,AO49) -> 50733.763 | AP29: =SUM(AP39,AP49) -> 69507.802 | AQ29: =SUM(AQ39,AQ49) -> 145.86667 | AR29: =SUM(AR39,AR49) -> 28584.496 | AS29: =SUM(AS39,AS49) -> 22362.933 | AT29: =SUM(AT39,AT49) -> 6594.2174 | AU29: =SUM(AU39,AU49) -> 164.89038 | AV29: =SUM(AV39,AV49) -> 3095.7745 | AW29: =SUM(AO29:AV29) -> 181189.74 | AX29: =SUM(AX39,AX49) -> 1275.6353 | AY29: =SUM(AY39,AY49) -> 2035.066 | AZ29: =SUM(AZ39,AZ49) -> 0 | BA29: =SUM(BA39,BA49) -> 180.41623 | BB29: =SUM(BB39,BB49) -> 123.81972 | BC29: =SUM(BC39,BC49) -> 2121.1434 | BD29: =SUM(BD39,BD49) -> 8.39072 | BE29: =SUM(BE39,BE49) -> 0 | ... BG29: =SUM(BG39,BG49) -> 5744.4715 | BH29: =BI29-BG29-AW29 -> 27227.784 | BI29: =J29*1000 -> 214162 | BJ29: =J29*1000=BI29 -> TRUE | BS29: =SUM(BK29:BR29) -> 0
C30: CIS | D30: =SUM(D50,D40) -> 32.50603 | E30: =SUM(E50,E40) -> 38.987173 | F30: =SUM(F50,F40) -> 47.500677 | G30: =SUM(G50,G40) -> 68.356111 | H30: =SUM(H50,H40) -> 88.606403 | I30: =SUM(I50,I40) -> 91.678436 | J30: =SUM(J50,J40) -> 94.199225 | L30: =SUM(L40,L50) -> 6 | M30: =SUM(M40,M50) -> 7 | N30: =SUM(N40,N50) -> 0 | O30: =SUM(O40,O50) -> 0 | P30: =SUM(P40,P50) -> 0 | Q30: =SUM(Q40,Q50) -> 12 | R30: =SUM(R40,R50) -> 0 | S30: =SUM(S40,S50) -> 0 | AD30: =SUM(L30:AC30) -> 25 | AE30: =AD30+J30 -> 119.19923 | AF30: =(((J30/D30))^(1/5))-1 -> 0.23713382 | AG30: =(((AE30/J30))^(1/5))-1 -> 0.04820257 | AH30: {=_xlfn.IFS(AG30>=(AF30+0.01),1,AG30>=(AF30-0.01),0,AG30<=(AF30-0.01),-1)} -> -1 | AM30: CIS | AO30: =SUM(AO40,AO50) -> 4677.5571 | AP30: =SUM(AP40,AP50) -> 7548.4042 | AQ30: =SUM(AQ40,AQ50) -> 0 | AR30: =SUM(AR40,AR50) -> 19467.562 | AS30: =SUM(AS40,AS50) -> 4161.7477 | AT30: =SUM(AT40,AT50) -> 49469.592 | AU30: =SUM(AU40,AU50) -> 7.96941 | AV30: =SUM(AV40,AV50) -> 189.096 | AW30: =SUM(AO30:AV30) -> 85521.928 | AX30: =SUM(AX40,AX50) -> 2795.8133 | AY30: =SUM(AY40,AY50) -> 816.956 | AZ30: =SUM(AZ40,AZ50) -> 0 | BA30: =SUM(BA40,BA50) -> 28.53297 | BB30: =SUM(BB40,BB50) -> 41.89999 | BC30: =SUM(BC40,BC50) -> 368.57275 | BD30: =SUM(BD40,BD50) -> 37.27613 | BE30: =SUM(BE40,BE50) -> 0 | ... BG30: =SUM(BG40,BG50) -> 4089.0511 | BH30: =BI30-BG30-AW30 -> 4588.2458 | BI30: =J30*1000 -> 94199.225 | BJ30: =J30*1000=BI30 -> TRUE | BS30: =SUM(BK30:BR30) -> 0
C31: MEA | D31: =SUM(D51,D41) -> 14.001706 | E31: =SUM(E51,E41) -> 6.6017241 | F31: =SUM(F51,F41) -> 17.299455 | G31: =SUM(G51,G41) -> 26.819118 | H31: =SUM(H51,H41) -> 27.418946 | I31: =SUM(I51,I41) -> 26.580047 | J31: =SUM(J51,J41) -> 30.470784 | L31: =SUM(L41,L51) -> 9 | M31: =SUM(M41,M51) -> 8 | N31: =SUM(N41,N51) -> 0 | O31: =SUM(O41,O51) -> 2 | P31: =SUM(P41,P51) -> 1 | Q31: =SUM(Q41,Q51) -> 11 | R31: =SUM(R41,R51) -> 2 | S31: =SUM(S41,S51) -> 0 | AD31: =SUM(L31:AC31) -> 33 | AE31: =AD31+J31 -> 63.470784 | AF31: =(((J31/D31))^(1/5))-1 -> 0.16826276 | AG31: =(((AE31/J31))^(1/5))-1 -> 0.15807863 | AH31: {=_xlfn.IFS(AG31>=(AF31+0.01),1,AG31>=(AF31-0.01),0,AG31<=(AF31-0.01),-1)} -> -1 | AM31: MEA | AO31: =SUM(AO41,AO51) -> 4348.2666 | AP31: =SUM(AP41,AP51) -> 9656.9967 | AQ31: =SUM(AQ41,AQ51) -> 0 | AR31: =SUM(AR41,AR51) -> 9778.4772 | AS31: =SUM(AS41,AS51) -> 1706.2745 | AT31: =SUM(AT41,AT51) -> 1575.4193 | AU31: =SUM(AU41,AU51) -> 143.04214 | AV31: =SUM(AV41,AV51) -> 110.56514 | AW31: =SUM(AO31:AV31) -> 27319.042 | AX31: =SUM(AX41,AX51) -> 928.01826 | AY31: =SUM(AY41,AY51) -> 105.64009 | AZ31: =SUM(AZ41,AZ51) -> 0 | BA31: =SUM(BA41,BA51) -> 17.52326 | BB31: =SUM(BB41,BB51) -> 0.71896 | BC31: =SUM(BC41,BC51) -> 8.39202 | BD31: =SUM(BD41,BD51) -> 0 | BE31: =SUM(BE41,BE51) -> 0 | ... BG31: =SUM(BG41,BG51) -> 1060.2926 | BH31: =BI31-BG31-AW31 -> 2091.4503 | BI31: =J31*1000 -> 30470.784 | BJ31: =J31*1000=BI31 -> TRUE | BS31: =SUM(BK31:BR31) -> 0
C32: TIP | D32: =SUM(D52,D42) -> 1.5143806 | E32: =SUM(E52,E42) -> 0.66755498 | F32: =SUM(F52,F42) -> 1.0437074 | G32: =SUM(G52,G42) -> 1.6028261 | H32: =SUM(H52,H42) -> 1.6686167 | I32: =SUM(I52,I42) -> 1.4727343 | J32: =SUM(J52,J42) -> 2.0636906 | L32: =SUM(L42,L52) -> 1 | M32: =SUM(M42,M52) -> 2 | N32: =SUM(N42,N52) -> 0 | O32: =SUM(O42,O52) -> 1 | P32: =SUM(P42,P52) -> 1 | Q32: =SUM(Q42,Q52) -> 0 | R32: =SUM(R42,R52) -> 1 | S32: =SUM(S42,S52) -> 0 | AD32: =SUM(L32:AC32) -> 6 | AE32: =AD32+J32 -> 8.0636906 | AF32: =(((J32/D32))^(1/5))-1 -> 0.063853701 | AG32: =(((AE32/J32))^(1/5))-1 -> 0.31334207 | AH32: {=_xlfn.IFS(AG32>=(AF32+0.01),1,AG32>=(AF32-0.01),0,AG32<=(AF32-0.01),-1)} -> 1 | AM32: TIP | AO32: =SUM(AO42,AO52) -> 318.75584 | AP32: =SUM(AP42,AP52) -> 674.51691 | AQ32: =SUM(AQ42,AQ52) -> 0 | AR32: =SUM(AR42,AR52) -> 164.44015 | AS32: =SUM(AS42,AS52) -> 177.37656 | AT32: =SUM(AT42,AT52) -> 21.25 | AU32: =SUM(AU42,AU52) -> 35.1261 | AV32: =SUM(AV42,AV52) -> 21.11538 | AW32: =SUM(AO32:AV32) -> 1412.5809 | AX32: =SUM(AX42,AX52) -> 74.52344 | AY32: =SUM(AY42,AY52) -> 17.65418 | AZ32: =SUM(AZ42,AZ52) -> 0 | BA32: =SUM(BA42,BA52) -> 0 | BB32: =SUM(BB42,BB52) -> 40.00001 | BC32: =SUM(BC42,BC52) -> 281.70969 | BD32: =SUM(BD42,BD52) -> 4.25134 | BE32: =SUM(BE42,BE52) -> 0 | ... BG32: =SUM(BG42,BG52) -> 418.13866 | BH32: =BI32-BG32-AW32 -> 232.97095 | BI32: =J32*1000 -> 2063.6905 | BJ32: =J32*1000=BI32 -> TRUE | BS32: =SUM(BK32:BR32) -> 0
C33: WAPAC | D33: =SUM(D53,D43) -> 4.9939509 | E33: =SUM(E53,E43) -> 3.6412356 | F33: =SUM(F53,F43) -> 4.2575965 | G33: =SUM(G53,G43) -> 6.9897601 | H33: =SUM(H53,H43) -> 7.8538947 | I33: =SUM(I53,I43) -> 6.4535121 | J33: =SUM(J53,J43) -> 9.0380692 | L33: =SUM(L43,L53) -> 3 | M33: =SUM(M43,M53) -> 8 | N33: =SUM(N43,N53) -> 1 | O33: =SUM(O43,O53) -> 0 | P33: =SUM(P43,P53) -> 1 | Q33: =SUM(Q43,Q53) -> 0 | R33: =SUM(R43,R53) -> 0 | S33: =SUM(S43,S53) -> 1 | AD33: =SUM(L33:AC33) -> 14 | AE33: =AD33+J33 -> 23.038069 | AF33: =(((J33/D33))^(1/5))-1 -> 0.1259686 | AG33: =(((AE33/J33))^(1/5))-1 -> 0.20579668 | AH33: {=_xlfn.IFS(AG33>=(AF33+0.01),1,AG33>=(AF33-0.01),0,AG33<=(AF33-0.01),-1)} -> 1 | AM33: WAPAC | AO33: =SUM(AO43,AO53) -> 4884.2178 | AP33: =SUM(AP43,AP53) -> 2244.4258 | AQ33: =SUM(AQ43,AQ53) -> 0 | AR33: =SUM(AR43,AR53) -> 292.01394 | AS33: =SUM(AS43,AS53) -> 537.31332 | AT33: =SUM(AT43,AT53) -> 428.97969 | AU33: =SUM(AU43,AU53) -> 0 | AV33: =SUM(AV43,AV53) -> 0 | AW33: =SUM(AO33:AV33) -> 8386.9505 | AX33: =SUM(AX43,AX53) -> 7.29036 | AY33: =SUM(AY43,AY53) -> 18.71128 | AZ33: =SUM(AZ43,AZ53) -> 0 | BA33: =SUM(BA43,BA53) -> 60.05192 | BB33: =SUM(BB43,BB53) -> 0 | BC33: =SUM(BC43,BC53) -> 71.14593 | BD33: =SUM(BD43,BD53) -> 0 | BE33: =SUM(BE43,BE53) -> 0 | ... BG33: =SUM(BG43,BG53) -> 157.19949 | BH33: =BI33-BG33-AW33 -> 493.91916 | BI33: =J33*1000 -> 9038.0692 | BJ33: =J33*1000=BI33 -> TRUE | BS33: =SUM(BK33:BR33) -> 0
C34: EAPAC | D34: =SUM(D54,D44) -> 8.0526422 | E34: =SUM(E54,E44) -> 11.30179 | F34: =SUM(F54,F44) -> 17.581824 | G34: =SUM(G54,G44) -> 19.896011 | H34: =SUM(H54,H44) -> 20.638722 | I34: =SUM(I54,I44) -> 18.782356 | J34: =SUM(J54,J44) -> 25.08207 | L34: =SUM(L44,L54) -> 6 | M34: =SUM(M44,M54) -> 4 | N34: =SUM(N44,N54) -> 0 | O34: =SUM(O44,O54) -> 3 | P34: =SUM(P44,P54) -> 1 | Q34: =SUM(Q44,Q54) -> 5 | R34: =SUM(R44,R54) -> 0 | S34: =SUM(S44,S54) -> 0 | AD34: =SUM(L34:AC34) -> 19 | AE34: =AD34+J34 -> 44.08207 | AF34: =(((J34/D34))^(1/5))-1 -> 0.25511926 | AG34: =(((AE34/J34))^(1/5))-1 -> 0.11938561 | AH34: {=_xlfn.IFS(AG34>=(AF34+0.01),1,AG34>=(AF34-0.01),0,AG34<=(AF34-0.01),-1)} -> -1 | AM34: EAPAC | AO34: =SUM(AO44,AO54) -> 3455.6425 | AP34: =SUM(AP44,AP54) -> 6619.8155 | AQ34: =SUM(AQ44,AQ54) -> 0 | AR34: =SUM(AR44,AR54) -> 4936.0423 | AS34: =SUM(AS44,AS54) -> 1763.671 | AT34: =SUM(AT44,AT54) -> 50.02136 | AU34: =SUM(AU44,AU54) -> 4901.5135 | AV34: =SUM(AV44,AV54) -> 114.12224 | AW34: =SUM(AO34:AV34) -> 21840.828 | AX34: =SUM(AX44,AX54) -> 390.82899 | AY34: =SUM(AY44,AY54) -> 183.28789 | AZ34: =SUM(AZ44,AZ54) -> 0 | BA34: =SUM(BA44,BA54) -> 1.94298 | BB34: =SUM(BB44,BB54) -> 10.92465 | BC34: =SUM(BC44,BC54) -> 21.4781 | BD34: =SUM(BD44,BD54) -> 30.29202 | BE34: =SUM(BE44,BE54) -> 0 | ... BG34: =SUM(BG44,BG54) -> 638.75463 | BH34: =BI34-BG34-AW34 -> 2602.4868 | BI34: =J34*1000 -> 25082.07 | BJ34: =J34*1000=BI34 -> TRUE | BS34: =SUM(BK34:BR34) -> 0
C35: NA | D35: =SUM(D55,D45) -> 2.64592 | E35: =SUM(E55,E45) -> 14.235278 | F35: =SUM(F55,F45) -> 26.314235 | G35: =SUM(G55,G45) -> 26.61955 | H35: =SUM(H55,H45) -> 10.557475 | I35: =SUM(I55,I45) -> 8.4694428 | J35: =SUM(J55,J45) -> 12.065258 | L35: =SUM(L45,L55) -> 6 | M35: =SUM(M45,M55) -> 7 | N35: =SUM(N45,N55) -> 0 | O35: =SUM(O45,O55) -> 2 | P35: =SUM(P45,P55) -> 2 | Q35: =SUM(Q45,Q55) -> 6 | R35: =SUM(R45,R55) -> 1 | S35: =SUM(S45,S55) -> 2 | AD35: =SUM(L35:AC35) -> 26 | AE35: =AD35+J35 -> 38.065258 | AF35: =(((J35/D35))^(1/5))-1 -> 0.35454045 | AG35: =(((AE35/J35))^(1/5))-1 -> 0.25834125 | AH35: {=_xlfn.IFS(AG35>=(AF35+0.01),1,AG35>=(AF35-0.01),0,AG35<=(AF35-0.01),-1)} -> -1 | AM35: NA | AO35: =SUM(AO45,AO55) -> 531.46701 | AP35: =SUM(AP45,AP55) -> 7375.099 | AQ35: =SUM(AQ45,AQ55) -> 0 | AR35: =SUM(AR45,AR55) -> 1803.1364 | AS35: =SUM(AS45,AS55) -> 25.15694 | AT35: =SUM(AT45,AT55) -> 0 | AU35: =SUM(AU45,AU55) -> 647.05421 | AV35: =SUM(AV45,AV55) -> 782.64457 | AW35: =SUM(AO35:AV35) -> 11164.558 | AX35: =SUM(AX45,AX55) -> 0 | AY35: =SUM(AY45,AY55) -> 0 | AZ35: =SUM(AZ45,AZ55) -> 0 | BA35: =SUM(BA45,BA55) -> 0 | BB35: =SUM(BB45,BB55) -> 0 | BC35: =SUM(BC45,BC55) -> 230.14159 | BD35: =SUM(BD45,BD55) -> 0 | BE35: =SUM(BE45,BE55) -> 0 | ... BG35: =SUM(BG45,BG55) -> 230.14159 | BH35: =BI35-BG35-AW35 -> 670.55818 | BI35: =J35*1000 -> 12065.258 | BJ35: =J35*1000=BI35 -> TRUE | BS35: =SUM(BK35:BR35) -> 0
C36: SA | D36: =SUM(D56,D46) -> 18.548995 | E36: =SUM(E56,E46) -> 19.252645 | F36: =SUM(F56,F46) -> 26.200064 | G36: =SUM(G56,G46) -> 33.24872 | H36: =SUM(H56,H46) -> 33.378957 | I36: =SUM(I56,I46) -> 36.215882 | J36: =SUM(J56,J46) -> 36.854319 | L36: =SUM(L46,L56) -> 3 | M36: =SUM(M46,M56) -> 4 | N36: =SUM(N46,N56) -> 0 | O36: =SUM(O46,O56) -> 0 | P36: =SUM(P46,P56) -> 0 | Q36: =SUM(Q46,Q56) -> 2 | R36: =SUM(R46,R56) -> 0 | S36: =SUM(S46,S56) -> 1 | AD36: =SUM(L36:AC36) -> 10 | AE36: =AD36+J36 -> 46.854319 | AF36: =(((J36/D36))^(1/5))-1 -> 0.14718537 | AG36: =(((AE36/J36))^(1/5))-1 -> 0.049185423 | AH36: {=_xlfn.IFS(AG36>=(AF36+0.01),1,AG36>=(AF36-0.01),0,AG36<=(AF36-0.01),-1)} -> -1 | AM36: SA | AO36: =SUM(AO46,AO56) -> 25333.775 | AP36: =SUM(AP46,AP56) -> 2631.8976 | AQ36: =SUM(AQ46,AQ56) -> 0 | AR36: =SUM(AR46,AR56) -> 1052.3217 | AS36: =SUM(AS46,AS56) -> 554.3689 | AT36: =SUM(AT46,AT56) -> 571.92709 | AU36: =SUM(AU46,AU56) -> 76.81598 | AV36: =SUM(AV46,AV56) -> 0.7206 | AW36: =SUM(AO36:AV36) -> 30221.827 | AX36: =SUM(AX46,AX56) -> 57.59265 | AY36: =SUM(AY46,AY56) -> 10.41373 | AZ36: =SUM(AZ46,AZ56) -> 0 | BA36: =SUM(BA46,BA56) -> 10.91494 | BB36: =SUM(BB46,BB56) -> 0 | BC36: =SUM(BC46,BC56) -> 5.6372 | BD36: =SUM(BD46,BD56) -> 0 | BE36: =SUM(BE46,BE56) -> 0 | ... BG36: =SUM(BG46,BG56) -> 84.55852 | BH36: =BI36-BG36-AW36 -> 6547.9333 | BI36: =J36*1000 -> 36854.319 | BJ36: =J36*1000=BI36 -> TRUE | BS36: =SUM(BK36:BR36) -> 0
B37: Alc. Bev. | C37: Result | D37: =SUM(D57,D47) -> 232.33122 | E37: =SUM(E57,E47) -> 249.18407 | F37: =SUM(F57,F47) -> 307.37431 | G37: =SUM(G57,G47) -> 374.67284 | H37: =SUM(H57,H47) -> 378.62123 | I37: =SUM(I57,I47) -> 407.00536 | J37: =SUM(J57,J47) -> 423.93541 | L37: =SUM(L29:L36) -> 48 | M37: =SUM(M29:M36) -> 55 | N37: =SUM(N29:N36) -> 2 | O37: =SUM(O29:O36) -> 13 | P37: =SUM(P29:P36) -> 8 | Q37: =SUM(Q29:Q36) -> 44 | R37: =SUM(R29:R36) -> 6 | S37: =SUM(S29:S36) -> 8 | AD37: =SUM(L37:AC37) -> 184 | AE37: =AD37+J37 -> 607.93541 | AF37: =(((J37/D37))^(1/5))-1 -> 0.12781645 | AG37: =(((AE37/J37))^(1/5))-1 -> 0.074760135 | AH37: {=_xlfn.IFS(AG37>=(AF37+0.01),1,AG37>=(AF37-0.01),0,AG37<=(AF37-0.01),-1)} -> -1 | AJ37: Beer + CWS inakzeptabel (all Regions) | AL37: =B37 -> Alc. Bev. | AM37: Result | AO37: =SUM(AO47,AO57) -> 94283.445 | AP37: =SUM(AP47,AP57) -> 106258.96 | AQ37: =SUM(AQ47,AQ57) -> 145.86667 | AR37: =SUM(AR47,AR57) -> 66078.489 | AS37: =SUM(AS47,AS57) -> 31288.842 | AT37: =SUM(AT47,AT57) -> 58711.407 | AU37: =SUM(AU47,AU57) -> 5976.4117 | AV37: =SUM(AV47,AV57) -> 4314.0384 | AW37: =SUM(AO37:AV37) -> 367057.46 | AX37: =SUM(AX47,AX57) -> 5529.7023 | AY37: =SUM(AY47,AY57) -> 3187.7292 | AZ37: =SUM(AZ47,AZ57) -> 0 | BA37: =SUM(BA47,BA57) -> 299.3823 | BB37: =SUM(BB47,BB57) -> 217.36333 | BC37: =SUM(BC47,BC57) -> 3108.2207 | BD37: =SUM(BD47,BD57) -> 80.21021 | BE37: =SUM(BE47,BE57) -> 0 | ... BG37: =SUM(BG47,BG57) -> 12422.608 | BH37: =BI37-BG37-AW37 -> 44455.348 | BI37: =J37*1000 -> 423935.41 | BJ37: =J37*1000=BI37 -> TRUE | BS37: =SUM(BK37:BR37) -> 0
B38: =B37 -> Alc. Bev. | C38: Prior X5 GROWTH | L38: 80 | M38: 102 | N38: 4.9900235 | O38: 20 | P38: 7 | Q38: 40 | R38: 6 | S38: 6 | AD38: =SUM(L38:AC38) -> 265.99002 | AE38: =J37+AD38 -> 689.92544 | AF38: =AF37 -> 0.12781645 | AG38: =(((AE38/J37))^(1/5))-1 -> 0.10230174 | AH38: {=_xlfn.IFS(AG38>=(AF38+0.01),1,AG38>=(AF38-0.01),0,AG38<=(AF38-0.01),-1)} -> -1 | AL38: =AL37 -> Alc. Bev. | AM38: Prior X5 GROWTH | BJ38: =J38*1000=BI38 -> TRUE
A39: =B39 -> Brewery | B39: Brewery | C39: EUR | D39: =SUMIFS(AfO!D:D,AfO!$A:$A,$C39,AfO!$B:$B,$A39)/1000 -> 97.999654 | E39: =SUMIFS(AfO!E:E,AfO!$A:$A,$C39,AfO!$B:$B,$A39)/1000 -> 100.43935 | F39: =SUMIFS(AfO!F:F,AfO!$A:$A,$C39,AfO!$B:$B,$A39)/1000 -> 110.24313 | G39: =SUMIFS(AfO!G:G,AfO!$A:$A,$C39,AfO!$B:$B,$A39)/1000 -> 122.20181 | H39: =SUMIFS(AfO!H:H,AfO!$A:$A,$C39,AfO!$B:$B,$A39)/1000 -> 121.60873 | I39: =SUMIFS(AfO!J:J,AfO!$A:$A,$C39,AfO!$B:$B,$A39)/1000 -> 150.31435 | J39: =SUMIFS(AfO!I:I,AfO!$A:$A,$C39,AfO!$B:$B,$A39)/1000 -> 140.2787 | L39: 12 | M39: 7 | N39: 1 | O39: 3 | P39: 1 | Q39: 5 | R39: 1 | S39: 3 | AD39: =SUM(L39:AC39) -> 33 | AE39: =AD39+J39 -> 173.2787 | AF39: =(((J39/D39))^(1/5))-1 -> 0.07436892 | AG39: =(((AE39/J39))^(1/5))-1 -> 0.043159434 | AH39: {=_xlfn.IFS(AG39>=(AF39+0.01),1,AG39>=(AF39-0.01),0,AG39<=(AF39-0.01),-1)} -> -1 | AL39: Brewery | AM39: EUR | AO39: =SUMIFS('Sales 2019 - 2024'!$E:$E,'Sales 2019 - 2024'!$A:$A,$C39,'Sales 2019 - 2024'!$B:$B,$AO$2,'Sales 2019 - 2024'!$C:$C,AO$4,'Sales 2019 - 2024'!$D:$D,$A39) -> 50498.583 | AP39: =SUMIFS('Sales 2019 - 2024'!$E:$E,'Sales 2019 - 2024'!$A:$A,$C39,'Sales 2019 - 2024'!$B:$B,$AO$2,'Sales 2019 - 2024'!$C:$C,AP$4,'Sales 2019 - 2024'!$D:$D,$A39) -> 23110.507 | AQ39: =SUMIFS('Sales 2019 - 2024'!$E:$E,'Sales 2019 - 2024'!$A:$A,$C39,'Sales 2019 - 2024'!$B:$B,$AO$2,'Sales 2019 - 2024'!$C:$C,AQ$4,'Sales 2019 - 2024'!$D:$D,$A39) -> 1.53361 | AR39: =SUMIFS('Sales 2019 - 2024'!$E:$E,'Sales 2019 - 2024'!$A:$A,$C39,'Sales 2019 - 2024'!$B:$B,$AO$2,'Sales 2019 - 2024'!$C:$C,AR$4,'Sales 2019 - 2024'!$D:$D,$A39) -> 20260.077 | AS39: =SUMIFS('Sales 2019 - 2024'!$E:$E,'Sales 2019 - 2024'!$A:$A,$C39,'Sales 2019 - 2024'!$B:$B,$AO$2,'Sales 2019 - 2024'!$C:$C,AS$4,'Sales 2019 - 2024'!$D:$D,$A39) -> 19201.962 | AT39: =SUMIFS('Sales 2019 - 2024'!$E:$E,'Sales 2019 - 2024'!$A:$A,$C39,'Sales 2019 - 2024'!$B:$B,$AO$2,'Sales 2019 - 2024'!$C:$C,AT$4,'Sales 2019 - 2024'!$D:$D,$A39) -> 6276.4485 | AU39: =SUMIFS('Sales 2019 - 2024'!$E:$E,'Sales 2019 - 2024'!$A:$A,$C39,'Sales 2019 - 2024'!$B:$B,$AO$2,'Sales 2019 - 2024'!$C:$C,AU$4,'Sales 2019 - 2024'!$D:$D,$A39) -> 5.32716 | AV39: =SUMIFS('Sales 2019 - 2024'!$E:$E,'Sales 2019 - 2024'!$A:$A,$C39,'Sales 2019 - 2024'!$B:$B,$AO$2,'Sales 2019 - 2024'!$C:$C,AV$4,'Sales 2019 - 2024'!$D:$D,$A39) -> 1190.0389 | AW39: =SUM(AO39:AV39) -> 120544.48 | AX39: =SUMIFS('Sales 2019 - 2024'!$E:$E,'Sales 2019 - 2024'!$A:$A,$C39,'Sales 2019 - 2024'!$B:$B,$AO$2,'Sales 2019 - 2024'!$C:$C,AX$4,'Sales 2019 - 2024'!$D:$D,$A39) -> 738.31375 | AY39: =SUMIFS('Sales 2019 - 2024'!$E:$E,'Sales 2019 - 2024'!$A:$A,$C39,'Sales 2019 - 2024'!$B:$B,$AO$2,'Sales 2019 - 2024'!$C:$C,AY$4,'Sales 2019 - 2024'!$D:$D,$A39) -> 822.40375 | AZ39: =SUMIFS('Sales 2019 - 2024'!$E:$E,'Sales 2019 - 2024'!$A:$A,$C39,'Sales 2019 - 2024'!$B:$B,$AO$2,'Sales 2019 - 2024'!$C:$C,AZ$4,'Sales 2019 - 2024'!$D:$D,$A39) -> 0 | BA39: =SUMIFS('Sales 2019 - 2024'!$E:$E,'Sales 2019 - 2024'!$A:$A,$C39,'Sales 2019 - 2024'!$B:$B,$AO$2,'Sales 2019 - 2024'!$C:$C,BA$4,'Sales 2019 - 2024'!$D:$D,$A39) -> 178.69679 | BB39: =SUMIFS('Sales 2019 - 2024'!$E:$E,'Sales 2019 - 2024'!$A:$A,$C39,'Sales 2019 - 2024'!$B:$B,$AO$2,'Sales 2019 - 2024'!$C:$C,BB$4,'Sales 2019 - 2024'!$D:$D,$A39) -> 42.54862 | BC39: =SUMIFS('Sales 2019 - 2024'!$E:$E,'Sales 2019 - 2024'!$A:$A,$C39,'Sales 2019 - 2024'!$B:$B,$AO$2,'Sales 2019 - 2024'!$C:$C,BC$4,'Sales 2019 - 2024'!$D:$D,$A39) -> 923.97042 | BD39: =SUMIFS('Sales 2019 - 2024'!$E:$E,'Sales 2019 - 2024'!$A:$A,$C39,'Sales 2019 - 2024'!$B:$B,$AO$2,'Sales 2019 - 2024'!$C:$C,BD$4,'Sales 2019 - 2024'!$D:$D,$A39) -> 4.4 | BE39: =SUMIFS('Sales 2019 - 2024'!$E:$E,'Sales 2019 - 2024'!$A:$A,$C39,'Sales 2019 - 2024'!$B:$B,$AO$2,'Sales 2019 - 2024'!$C:$C,BE$4,'Sales 2019 - 2024'!$D:$D,$A39) -> 0 | BF39: =SUMIFS('Sales 2019 - 2024'!$E:$E,'Sales 2019 - 2024'!$A:$A,$C39,'Sales 2019 - 2024'!$B:$B,$AO$2,'Sales 2019 - 2024'!$C:$C,BF$4,'Sales 2019 - 2024'!$D:$D,$A39) -> 0 | BG39: =SUM(AX39:BF39) -> 2710.3333 | BH39: =BI39-BG39-AW39 -> 17023.888 | BI39: =SUMIFS('Sales 2019 - 2024'!Y:Y,'Sales 2019 - 2024'!W:W,'X5 Template Goals - Tab 1'!AM39,'Sales 2019 - 2024'!V:V,'X5 Template Goals - Tab 1'!A39) -> 140278.7 | BJ39: =J39*1000=BI39 -> TRUE | BS39: =SUM(BK39:BR39) -> 0
A40: =B39 -> Brewery | C40: CIS | D40: =SUMIFS(AfO!D:D,AfO!$A:$A,$C40,AfO!$B:$B,$A39)/1000 -> 27.557979 | E40: =SUMIFS(AfO!E:E,AfO!$A:$A,$C40,AfO!$B:$B,$A39)/1000 -> 34.026537 | F40: =SUMIFS(AfO!F:F,AfO!$A:$A,$C40,AfO!$B:$B,$A39)/1000 -> 40.808168 | G40: =SUMIFS(AfO!G:G,AfO!$A:$A,$C40,AfO!$B:$B,$A39)/1000 -> 59.492633 | H40: =SUMIFS(AfO!H:H,AfO!$A:$A,$C40,AfO!$B:$B,$A39)/1000 -> 78.140682 | I40: =SUMIFS(AfO!J:J,AfO!$A:$A,$C40,AfO!$B:$B,$A39)/1000 -> 81.515774 | J40: =SUMIFS(AfO!I:I,AfO!$A:$A,$C40,AfO!$B:$B,$A39)/1000 -> 83.286073 | L40: 3 | M40: 5 | Q40: 10 | AD40: =SUM(L40:AC40) -> 18 | AE40: =AD40+J40 -> 101.28607 | AF40: =(((J40/D40))^(1/5))-1 -> 0.24757024 | AG40: =(((AE40/J40))^(1/5))-1 -> 0.039909318 | AH40: {=_xlfn.IFS(AG40>=(AF40+0.01),1,AG40>=(AF40-0.01),0,AG40<=(AF40-0.01),-1)} -> -1 | AM40: CIS | AO40: =SUMIFS('Sales 2019 - 2024'!$E:$E,'Sales 2019 - 2024'!$A:$A,$C40,'Sales 2019 - 2024'!$B:$B,$AO$2,'Sales 2019 - 2024'!$C:$C,AO$4,'Sales 2019 - 2024'!$D:$D,$A40) -> 4641.7571 | AP40: =SUMIFS('Sales 2019 - 2024'!$E:$E,'Sales 2019 - 2024'!$A:$A,$C40,'Sales 2019 - 2024'!$B:$B,$AO$2,'Sales 2019 - 2024'!$C:$C,AP$4,'Sales 2019 - 2024'!$D:$D,$A40) -> 3307.9305 | AQ40: =SUMIFS('Sales 2019 - 2024'!$E:$E,'Sales 2019 - 2024'!$A:$A,$C40,'Sales 2019 - 2024'!$B:$B,$AO$2,'Sales 2019 - 2024'!$C:$C,AQ$4,'Sales 2019 - 2024'!$D:$D,$A40) -> 0 | AR40: =SUMIFS('Sales 2019 - 2024'!$E:$E,'Sales 2019 - 2024'!$A:$A,$C40,'Sales 2019 - 2024'!$B:$B,$AO$2,'Sales 2019 - 2024'!$C:$C,AR$4,'Sales 2019 - 2024'!$D:$D,$A40) -> 15771.989 | AS40: =SUMIFS('Sales 2019 - 2024'!$E:$E,'Sales 2019 - 2024'!$A:$A,$C40,'Sales 2019 - 2024'!$B:$B,$AO$2,'Sales 2019 - 2024'!$C:$C,AS$4,'Sales 2019 - 2024'!$D:$D,$A40) -> 3356.5163 | AT40: =SUMIFS('Sales 2019 - 2024'!$E:$E,'Sales 2019 - 2024'!$A:$A,$C40,'Sales 2019 - 2024'!$B:$B,$AO$2,'Sales 2019 - 2024'!$C:$C,AT$4,'Sales 2019 - 2024'!$D:$D,$A40) -> 49431.039 | AU40: =SUMIFS('Sales 2019 - 2024'!$E:$E,'Sales 2019 - 2024'!$A:$A,$C40,'Sales 2019 - 2024'!$B:$B,$AO$2,'Sales 2019 - 2024'!$C:$C,AU$4,'Sales 2019 - 2024'!$D:$D,$A40) -> 7.96941 | AV40: =SUMIFS('Sales 2019 - 2024'!$E:$E,'Sales 2019 - 2024'!$A:$A,$C40,'Sales 2019 - 2024'!$B:$B,$AO$2,'Sales 2019 - 2024'!$C:$C,AV$4,'Sales 2019 - 2024'!$D:$D,$A40) -> 145.3172 | AW40: =SUM(AO40:AV40) -> 76662.518 | AX40: =SUMIFS('Sales 2019 - 2024'!$E:$E,'Sales 2019 - 2024'!$A:$A,$C40,'Sales 2019 - 2024'!$B:$B,$AO$2,'Sales 2019 - 2024'!$C:$C,AX$4,'Sales 2019 - 2024'!$D:$D,$A40) -> 2744.1185 | AY40: =SUMIFS('Sales 2019 - 2024'!$E:$E,'Sales 2019 - 2024'!$A:$A,$C40,'Sales 2019 - 2024'!$B:$B,$AO$2,'Sales 2019 - 2024'!$C:$C,AY$4,'Sales 2019 - 2024'!$D:$D,$A40) -> 324.16856 | AZ40: =SUMIFS('Sales 2019 - 2024'!$E:$E,'Sales 2019 - 2024'!$A:$A,$C40,'Sales 2019 - 2024'!$B:$B,$AO$2,'Sales 2019 - 2024'!$C:$C,AZ$4,'Sales 2019 - 2024'!$D:$D,$A40) -> 0 | BA40: =SUMIFS('Sales 2019 - 2024'!$E:$E,'Sales 2019 - 2024'!$A:$A,$C40,'Sales 2019 - 2024'!$B:$B,$AO$2,'Sales 2019 - 2024'!$C:$C,BA$4,'Sales 2019 - 2024'!$D:$D,$A40) -> 0 | BB40: =SUMIFS('Sales 2019 - 2024'!$E:$E,'Sales 2019 - 2024'!$A:$A,$C40,'Sales 2019 - 2024'!$B:$B,$AO$2,'Sales 2019 - 2024'!$C:$C,BB$4,'Sales 2019 - 2024'!$D:$D,$A40) -> 6.77999 | BC40: =SUMIFS('Sales 2019 - 2024'!$E:$E,'Sales 2019 - 2024'!$A:$A,$C40,'Sales 2019 - 2024'!$B:$B,$AO$2,'Sales 2019 - 2024'!$C:$C,BC$4,'Sales 2019 - 2024'!$D:$D,$A40) -> 212.02692 | BD40: =SUMIFS('Sales 2019 - 2024'!$E:$E,'Sales 2019 - 2024'!$A:$A,$C40,'Sales 2019 - 2024'!$B:$B,$AO$2,'Sales 2019 - 2024'!$C:$C,BD$4,'Sales 2019 - 2024'!$D:$D,$A40) -> 0 | BE40: =SUMIFS('Sales 2019 - 2024'!$E:$E,'Sales 2019 - 2024'!$A:$A,$C40,'Sales 2019 - 2024'!$B:$B,$AO$2,'Sales 2019 - 2024'!$C:$C,BE$4,'Sales 2019 - 2024'!$D:$D,$A40) -> 0 | BF40: =SUMIFS('Sales 2019 - 2024'!$E:$E,'Sales 2019 - 2024'!$A:$A,$C40,'Sales 2019 - 2024'!$B:$B,$AO$2,'Sales 2019 - 2024'!$C:$C,BF$4,'Sales 2019 - 2024'!$D:$D,$A40) -> 0 | BG40: =SUM(AX40:BF40) -> 3287.094 | BH40: =BI40-BG40-AW40 -> 3336.4615 | BI40: =SUMIFS('Sales 2019 - 2024'!Y:Y,'Sales 2019 - 2024'!W:W,'X5 Template Goals - Tab 1'!AM40,'Sales 2019 - 2024'!V:V,'X5 Template Goals - Tab 1'!A40) -> 83286.073 | BJ40: =J40*1000=BI40 -> TRUE | BS40: =SUM(BK40:BR40) -> 0
A41: =B39 -> Brewery | C41: MEA | D41: =SUMIFS(AfO!D:D,AfO!$A:$A,$C41,AfO!$B:$B,$A39)/1000 -> 10.025434 | E41: =SUMIFS(AfO!E:E,AfO!$A:$A,$C41,AfO!$B:$B,$A39)/1000 -> 2.4862199 | F41: =SUMIFS(AfO!F:F,AfO!$A:$A,$C41,AfO!$B:$B,$A39)/1000 -> 9.496856 | G41: =SUMIFS(AfO!G:G,AfO!$A:$A,$C41,AfO!$B:$B,$A39)/1000 -> 16.853422 | H41: =SUMIFS(AfO!H:H,AfO!$A:$A,$C41,AfO!$B:$B,$A39)/1000 -> 19.249253 | I41: =SUMIFS(AfO!J:J,AfO!$A:$A,$C41,AfO!$B:$B,$A39)/1000 -> 13.086355 | J41: =SUMIFS(AfO!I:I,AfO!$A:$A,$C41,AfO!$B:$B,$A39)/1000 -> 20.831869 | L41: 7 | M41: 4 | P41: 1 | Q41: 5 | R41: 1 | AD41: =SUM(L41:AC41) -> 18 | AE41: =AD41+J41 -> 38.831869 | AF41: =(((J41/D41))^(1/5))-1 -> 0.1575107 | AG41: =(((AE41/J41))^(1/5))-1 -> 0.13264031 | AH41: {=_xlfn.IFS(AG41>=(AF41+0.01),1,AG41>=(AF41-0.01),0,AG41<=(AF41-0.01),-1)} -> -1 | AM41: MEA | AO41: =SUMIFS('Sales 2019 - 2024'!$E:$E,'Sales 2019 - 2024'!$A:$A,$C41,'Sales 2019 - 2024'!$B:$B,$AO$2,'Sales 2019 - 2024'!$C:$C,AO$4,'Sales 2019 - 2024'!$D:$D,$A41) -> 3575.1537 | AP41: =SUMIFS('Sales 2019 - 2024'!$E:$E,'Sales 2019 - 2024'!$A:$A,$C41,'Sales 2019 - 2024'!$B:$B,$AO$2,'Sales 2019 - 2024'!$C:$C,AP$4,'Sales 2019 - 2024'!$D:$D,$A41) -> 3524.6244 | AQ41: =SUMIFS('Sales 2019 - 2024'!$E:$E,'Sales 2019 - 2024'!$A:$A,$C41,'Sales 2019 - 2024'!$B:$B,$AO$2,'Sales 2019 - 2024'!$C:$C,AQ$4,'Sales 2019 - 2024'!$D:$D,$A41) -> 0 | AR41: =SUMIFS('Sales 2019 - 2024'!$E:$E,'Sales 2019 - 2024'!$A:$A,$C41,'Sales 2019 - 2024'!$B:$B,$AO$2,'Sales 2019 - 2024'!$C:$C,AR$4,'Sales 2019 - 2024'!$D:$D,$A41) -> 9583.7781 | AS41: =SUMIFS('Sales 2019 - 2024'!$E:$E,'Sales 2019 - 2024'!$A:$A,$C41,'Sales 2019 - 2024'!$B:$B,$AO$2,'Sales 2019 - 2024'!$C:$C,AS$4,'Sales 2019 - 2024'!$D:$D,$A41) -> 1123.9453 | AT41: =SUMIFS('Sales 2019 - 2024'!$E:$E,'Sales 2019 - 2024'!$A:$A,$C41,'Sales 2019 - 2024'!$B:$B,$AO$2,'Sales 2019 - 2024'!$C:$C,AT$4,'Sales 2019 - 2024'!$D:$D,$A41) -> 164.70093 | AU41: =SUMIFS('Sales 2019 - 2024'!$E:$E,'Sales 2019 - 2024'!$A:$A,$C41,'Sales 2019 - 2024'!$B:$B,$AO$2,'Sales 2019 - 2024'!$C:$C,AU$4,'Sales 2019 - 2024'!$D:$D,$A41) -> 0 | AV41: =SUMIFS('Sales 2019 - 2024'!$E:$E,'Sales 2019 - 2024'!$A:$A,$C41,'Sales 2019 - 2024'!$B:$B,$AO$2,'Sales 2019 - 2024'!$C:$C,AV$4,'Sales 2019 - 2024'!$D:$D,$A41) -> 109.07815 | AW41: =SUM(AO41:AV41) -> 18081.281 | AX41: =SUMIFS('Sales 2019 - 2024'!$E:$E,'Sales 2019 - 2024'!$A:$A,$C41,'Sales 2019 - 2024'!$B:$B,$AO$2,'Sales 2019 - 2024'!$C:$C,AX$4,'Sales 2019 - 2024'!$D:$D,$A41) -> 928.01826 | AY41: =SUMIFS('Sales 2019 - 2024'!$E:$E,'Sales 2019 - 2024'!$A:$A,$C41,'Sales 2019 - 2024'!$B:$B,$AO$2,'Sales 2019 - 2024'!$C:$C,AY$4,'Sales 2019 - 2024'!$D:$D,$A41) -> 81.892 | AZ41: =SUMIFS('Sales 2019 - 2024'!$E:$E,'Sales 2019 - 2024'!$A:$A,$C41,'Sales 2019 - 2024'!$B:$B,$AO$2,'Sales 2019 - 2024'!$C:$C,AZ$4,'Sales 2019 - 2024'!$D:$D,$A41) -> 0 | BA41: =SUMIFS('Sales 2019 - 2024'!$E:$E,'Sales 2019 - 2024'!$A:$A,$C41,'Sales 2019 - 2024'!$B:$B,$AO$2,'Sales 2019 - 2024'!$C:$C,BA$4,'Sales 2019 - 2024'!$D:$D,$A41) -> 0 | BB41: =SUMIFS('Sales 2019 - 2024'!$E:$E,'Sales 2019 - 2024'!$A:$A,$C41,'Sales 2019 - 2024'!$B:$B,$AO$2,'Sales 2019 - 2024'!$C:$C,BB$4,'Sales 2019 - 2024'!$D:$D,$A41) -> 0 | BC41: =SUMIFS('Sales 2019 - 2024'!$E:$E,'Sales 2019 - 2024'!$A:$A,$C41,'Sales 2019 - 2024'!$B:$B,$AO$2,'Sales 2019 - 2024'!$C:$C,BC$4,'Sales 2019 - 2024'!$D:$D,$A41) -> 0 | BD41: =SUMIFS('Sales 2019 - 2024'!$E:$E,'Sales 2019 - 2024'!$A:$A,$C41,'Sales 2019 - 2024'!$B:$B,$AO$2,'Sales 2019 - 2024'!$C:$C,BD$4,'Sales 2019 - 2024'!$D:$D,$A41) -> 0 | BE41: =SUMIFS('Sales 2019 - 2024'!$E:$E,'Sales 2019 - 2024'!$A:$A,$C41,'Sales 2019 - 2024'!$B:$B,$AO$2,'Sales 2019 - 2024'!$C:$C,BE$4,'Sales 2019 - 2024'!$D:$D,$A41) -> 0 | BF41: =SUMIFS('Sales 2019 - 2024'!$E:$E,'Sales 2019 - 2024'!$A:$A,$C41,'Sales 2019 - 2024'!$B:$B,$AO$2,'Sales 2019 - 2024'!$C:$C,BF$4,'Sales 2019 - 2024'!$D:$D,$A41) -> 0 | BG41: =SUM(AX41:BF41) -> 1009.9103 | BH41: =BI41-BG41-AW41 -> 1740.6779 | BI41: =SUMIFS('Sales 2019 - 2024'!Y:Y,'Sales 2019 - 2024'!W:W,'X5 Template Goals - Tab 1'!AM41,'Sales 2019 - 2024'!V:V,'X5 Template Goals - Tab 1'!A41) -> 20831.869 | BJ41: =J41*1000=BI41 -> TRUE | BS41: =SUM(BK41:BR41) -> 0
A42: =B39 -> Brewery | C42: TIP | D42: =SUMIFS(AfO!D:D,AfO!$A:$A,$C42,AfO!$B:$B,$A39)/1000 -> 0.11018411 | E42: =SUMIFS(AfO!E:E,AfO!$A:$A,$C42,AfO!$B:$B,$A39)/1000 -> 0.23603634 | F42: =SUMIFS(AfO!F:F,AfO!$A:$A,$C42,AfO!$B:$B,$A39)/1000 -> 0.20331586 | G42: =SUMIFS(AfO!G:G,AfO!$A:$A,$C42,AfO!$B:$B,$A39)/1000 -> 0.24843991 | H42: =SUMIFS(AfO!H:H,AfO!$A:$A,$C42,AfO!$B:$B,$A39)/1000 -> 0.25705306 | I42: =SUMIFS(AfO!J:J,AfO!$A:$A,$C42,AfO!$B:$B,$A39)/1000 -> 0.27165275 | J42: =SUMIFS(AfO!I:I,AfO!$A:$A,$C42,AfO!$B:$B,$A39)/1000 -> 0.46552909 | L42: 1 | M42: 1 | P42: 1 | R42: 1 | AD42: =SUM(L42:AC42) -> 4 | AE42: =AD42+J42 -> 4.4655291 | AF42: =(((J42/D42))^(1/5))-1 -> 0.33402992 | AG42: =(((AE42/J42))^(1/5))-1 -> 0.57175634 | AH42: {=_xlfn.IFS(AG42>=(AF42+0.01),1,AG42>=(AF42-0.01),0,AG42<=(AF42-0.01),-1)} -> 1 | AM42: TIP | AO42: =SUMIFS('Sales 2019 - 2024'!$E:$E,'Sales 2019 - 2024'!$A:$A,$C42,'Sales 2019 - 2024'!$B:$B,$AO$2,'Sales 2019 - 2024'!$C:$C,AO$4,'Sales 2019 - 2024'!$D:$D,$A42) -> 297.91195 | AP42: =SUMIFS('Sales 2019 - 2024'!$E:$E,'Sales 2019 - 2024'!$A:$A,$C42,'Sales 2019 - 2024'!$B:$B,$AO$2,'Sales 2019 - 2024'!$C:$C,AP$4,'Sales 2019 - 2024'!$D:$D,$A42) -> 46.596 | AQ42: =SUMIFS('Sales 2019 - 2024'!$E:$E,'Sales 2019 - 2024'!$A:$A,$C42,'Sales 2019 - 2024'!$B:$B,$AO$2,'Sales 2019 - 2024'!$C:$C,AQ$4,'Sales 2019 - 2024'!$D:$D,$A42) -> 0 | AR42: =SUMIFS('Sales 2019 - 2024'!$E:$E,'Sales 2019 - 2024'!$A:$A,$C42,'Sales 2019 - 2024'!$B:$B,$AO$2,'Sales 2019 - 2024'!$C:$C,AR$4,'Sales 2019 - 2024'!$D:$D,$A42) -> 0.36471 | AS42: =SUMIFS('Sales 2019 - 2024'!$E:$E,'Sales 2019 - 2024'!$A:$A,$C42,'Sales 2019 - 2024'!$B:$B,$AO$2,'Sales 2019 - 2024'!$C:$C,AS$4,'Sales 2019 - 2024'!$D:$D,$A42) -> 4.25002 | AT42: =SUMIFS('Sales 2019 - 2024'!$E:$E,'Sales 2019 - 2024'!$A:$A,$C42,'Sales 2019 - 2024'!$B:$B,$AO$2,'Sales 2019 - 2024'!$C:$C,AT$4,'Sales 2019 - 2024'!$D:$D,$A42) -> 0 | AU42: =SUMIFS('Sales 2019 - 2024'!$E:$E,'Sales 2019 - 2024'!$A:$A,$C42,'Sales 2019 - 2024'!$B:$B,$AO$2,'Sales 2019 - 2024'!$C:$C,AU$4,'Sales 2019 - 2024'!$D:$D,$A42) -> 0 | AV42: =SUMIFS('Sales 2019 - 2024'!$E:$E,'Sales 2019 - 2024'!$A:$A,$C42,'Sales 2019 - 2024'!$B:$B,$AO$2,'Sales 2019 - 2024'!$C:$C,AV$4,'Sales 2019 - 2024'!$D:$D,$A42) -> 0 | AW42: =SUM(AO42:AV42) -> 349.12268 | AX42: =SUMIFS('Sales 2019 - 2024'!$E:$E,'Sales 2019 - 2024'!$A:$A,$C42,'Sales 2019 - 2024'!$B:$B,$AO$2,'Sales 2019 - 2024'!$C:$C,AX$4,'Sales 2019 - 2024'!$D:$D,$A42) -> 0 | AY42: =SUMIFS('Sales 2019 - 2024'!$E:$E,'Sales 2019 - 2024'!$A:$A,$C42,'Sales 2019 - 2024'!$B:$B,$AO$2,'Sales 2019 - 2024'!$C:$C,AY$4,'Sales 2019 - 2024'!$D:$D,$A42) -> 8.697 | AZ42: =SUMIFS('Sales 2019 - 2024'!$E:$E,'Sales 2019 - 2024'!$A:$A,$C42,'Sales 2019 - 2024'!$B:$B,$AO$2,'Sales 2019 - 2024'!$C:$C,AZ$4,'Sales 2019 - 2024'!$D:$D,$A42) -> 0 | BA42: =SUMIFS('Sales 2019 - 2024'!$E:$E,'Sales 2019 - 2024'!$A:$A,$C42,'Sales 2019 - 2024'!$B:$B,$AO$2,'Sales 2019 - 2024'!$C:$C,BA$4,'Sales 2019 - 2024'!$D:$D,$A42) -> 0 | BB42: =SUMIFS('Sales 2019 - 2024'!$E:$E,'Sales 2019 - 2024'!$A:$A,$C42,'Sales 2019 - 2024'!$B:$B,$AO$2,'Sales 2019 - 2024'!$C:$C,BB$4,'Sales 2019 - 2024'!$D:$D,$A42) -> 0 | BC42: =SUMIFS('Sales 2019 - 2024'!$E:$E,'Sales 2019 - 2024'!$A:$A,$C42,'Sales 2019 - 2024'!$B:$B,$AO$2,'Sales 2019 - 2024'!$C:$C,BC$4,'Sales 2019 - 2024'!$D:$D,$A42) -> 0 | BD42: =SUMIFS('Sales 2019 - 2024'!$E:$E,'Sales 2019 - 2024'!$A:$A,$C42,'Sales 2019 - 2024'!$B:$B,$AO$2,'Sales 2019 - 2024'!$C:$C,BD$4,'Sales 2019 - 2024'!$D:$D,$A42) -> 0 | BE42: =SUMIFS('Sales 2019 - 2024'!$E:$E,'Sales 2019 - 2024'!$A:$A,$C42,'Sales 2019 - 2024'!$B:$B,$AO$2,'Sales 2019 - 2024'!$C:$C,BE$4,'Sales 2019 - 2024'!$D:$D,$A42) -> 0 | BF42: =SUMIFS('Sales 2019 - 2024'!$E:$E,'Sales 2019 - 2024'!$A:$A,$C42,'Sales 2019 - 2024'!$B:$B,$AO$2,'Sales 2019 - 2024'!$C:$C,BF$4,'Sales 2019 - 2024'!$D:$D,$A42) -> 0 | BG42: =SUM(AX42:BF42) -> 8.697 | BH42: =BI42-BG42-AW42 -> 107.70941 | BI42: =SUMIFS('Sales 2019 - 2024'!Y:Y,'Sales 2019 - 2024'!W:W,'X5 Template Goals - Tab 1'!AM42,'Sales 2019 - 2024'!V:V,'X5 Template Goals - Tab 1'!A42) -> 465.52909 | BJ42: =J42*1000=BI42 -> TRUE | BS42: =SUM(BK42:BR42) -> 0
A43: =B39 -> Brewery | C43: WAPAC | D43: =SUMIFS(AfO!D:D,AfO!$A:$A,$C43,AfO!$B:$B,$A39)/1000 -> 3.0674825 | E43: =SUMIFS(AfO!E:E,AfO!$A:$A,$C43,AfO!$B:$B,$A39)/1000 -> 2.0700579 | F43: =SUMIFS(AfO!F:F,AfO!$A:$A,$C43,AfO!$B:$B,$A39)/1000 -> 2.8215932 | G43: =SUMIFS(AfO!G:G,AfO!$A:$A,$C43,AfO!$B:$B,$A39)/1000 -> 4.6605755 | H43: =SUMIFS(AfO!H:H,AfO!$A:$A,$C43,AfO!$B:$B,$A39)/1000 -> 5.7562777 | I43: =SUMIFS(AfO!J:J,AfO!$A:$A,$C43,AfO!$B:$B,$A39)/1000 -> 4.7939448 | J43: =SUMIFS(AfO!I:I,AfO!$A:$A,$C43,AfO!$B:$B,$A39)/1000 -> 6.6575246 | L43: 2 | M43: 3 | N43: 1 | AD43: =SUM(L43:AC43) -> 6 | AE43: =AD43+J43 -> 12.657525 | AF43: =(((J43/D43))^(1/5))-1 -> 0.1676324 | AG43: =(((AE43/J43))^(1/5))-1 -> 0.13712236 | AH43: {=_xlfn.IFS(AG43>=(AF43+0.01),1,AG43>=(AF43-0.01),0,AG43<=(AF43-0.01),-1)} -> -1 | AM43: WAPAC | AO43: =SUMIFS('Sales 2019 - 2024'!$E:$E,'Sales 2019 - 2024'!$A:$A,$C43,'Sales 2019 - 2024'!$B:$B,$AO$2,'Sales 2019 - 2024'!$C:$C,AO$4,'Sales 2019 - 2024'!$D:$D,$A43) -> 4863.8482 | AP43: =SUMIFS('Sales 2019 - 2024'!$E:$E,'Sales 2019 - 2024'!$A:$A,$C43,'Sales 2019 - 2024'!$B:$B,$AO$2,'Sales 2019 - 2024'!$C:$C,AP$4,'Sales 2019 - 2024'!$D:$D,$A43) -> 987.52863 | AQ43: =SUMIFS('Sales 2019 - 2024'!$E:$E,'Sales 2019 - 2024'!$A:$A,$C43,'Sales 2019 - 2024'!$B:$B,$AO$2,'Sales 2019 - 2024'!$C:$C,AQ$4,'Sales 2019 - 2024'!$D:$D,$A43) -> 0 | AR43: =SUMIFS('Sales 2019 - 2024'!$E:$E,'Sales 2019 - 2024'!$A:$A,$C43,'Sales 2019 - 2024'!$B:$B,$AO$2,'Sales 2019 - 2024'!$C:$C,AR$4,'Sales 2019 - 2024'!$D:$D,$A43) -> 188.30512 | AS43: =SUMIFS('Sales 2019 - 2024'!$E:$E,'Sales 2019 - 2024'!$A:$A,$C43,'Sales 2019 - 2024'!$B:$B,$AO$2,'Sales 2019 - 2024'!$C:$C,AS$4,'Sales 2019 - 2024'!$D:$D,$A43) -> 108.23303 | AT43: =SUMIFS('Sales 2019 - 2024'!$E:$E,'Sales 2019 - 2024'!$A:$A,$C43,'Sales 2019 - 2024'!$B:$B,$AO$2,'Sales 2019 - 2024'!$C:$C,AT$4,'Sales 2019 - 2024'!$D:$D,$A43) -> 200.53484 | AU43: =SUMIFS('Sales 2019 - 2024'!$E:$E,'Sales 2019 - 2024'!$A:$A,$C43,'Sales 2019 - 2024'!$B:$B,$AO$2,'Sales 2019 - 2024'!$C:$C,AU$4,'Sales 2019 - 2024'!$D:$D,$A43) -> 0 | AV43: =SUMIFS('Sales 2019 - 2024'!$E:$E,'Sales 2019 - 2024'!$A:$A,$C43,'Sales 2019 - 2024'!$B:$B,$AO$2,'Sales 2019 - 2024'!$C:$C,AV$4,'Sales 2019 - 2024'!$D:$D,$A43) -> 0 | AW43: =SUM(AO43:AV43) -> 6348.4498 | AX43: =SUMIFS('Sales 2019 - 2024'!$E:$E,'Sales 2019 - 2024'!$A:$A,$C43,'Sales 2019 - 2024'!$B:$B,$AO$2,'Sales 2019 - 2024'!$C:$C,AX$4,'Sales 2019 - 2024'!$D:$D,$A43) -> 7.29036 | AY43: =SUMIFS('Sales 2019 - 2024'!$E:$E,'Sales 2019 - 2024'!$A:$A,$C43,'Sales 2019 - 2024'!$B:$B,$AO$2,'Sales 2019 - 2024'!$C:$C,AY$4,'Sales 2019 - 2024'!$D:$D,$A43) -> 2.42648 | AZ43: =SUMIFS('Sales 2019 - 2024'!$E:$E,'Sales 2019 - 2024'!$A:$A,$C43,'Sales 2019 - 2024'!$B:$B,$AO$2,'Sales 2019 - 2024'!$C:$C,AZ$4,'Sales 2019 - 2024'!$D:$D,$A43) -> 0 | BA43: =SUMIFS('Sales 2019 - 2024'!$E:$E,'Sales 2019 - 2024'!$A:$A,$C43,'Sales 2019 - 2024'!$B:$B,$AO$2,'Sales 2019 - 2024'!$C:$C,BA$4,'Sales 2019 - 2024'!$D:$D,$A43) -> 30.54814 | BB43: =SUMIFS('Sales 2019 - 2024'!$E:$E,'Sales 2019 - 2024'!$A:$A,$C43,'Sales 2019 - 2024'!$B:$B,$AO$2,'Sales 2019 - 2024'!$C:$C,BB$4,'Sales 2019 - 2024'!$D:$D,$A43) -> 0 | BC43: =SUMIFS('Sales 2019 - 2024'!$E:$E,'Sales 2019 - 2024'!$A:$A,$C43,'Sales 2019 - 2024'!$B:$B,$AO$2,'Sales 2019 - 2024'!$C:$C,BC$4,'Sales 2019 - 2024'!$D:$D,$A43) -> 55.3448 | BD43: =SUMIFS('Sales 2019 - 2024'!$E:$E,'Sales 2019 - 2024'!$A:$A,$C43,'Sales 2019 - 2024'!$B:$B,$AO$2,'Sales 2019 - 2024'!$C:$C,BD$4,'Sales 2019 - 2024'!$D:$D,$A43) -> 0 | BE43: =SUMIFS('Sales 2019 - 2024'!$E:$E,'Sales 2019 - 2024'!$A:$A,$C43,'Sales 2019 - 2024'!$B:$B,$AO$2,'Sales 2019 - 2024'!$C:$C,BE$4,'Sales 2019 - 2024'!$D:$D,$A43) -> 0 | BF43: =SUMIFS('Sales 2019 - 2024'!$E:$E,'Sales 2019 - 2024'!$A:$A,$C43,'Sales 2019 - 2024'!$B:$B,$AO$2,'Sales 2019 - 2024'!$C:$C,BF$4,'Sales 2019 - 2024'!$D:$D,$A43) -> 0 | BG43: =SUM(AX43:BF43) -> 95.60978 | BH43: =BI43-BG43-AW43 -> 213.46496 | BI43: =SUMIFS('Sales 2019 - 2024'!Y:Y,'Sales 2019 - 2024'!W:W,'X5 Template Goals - Tab 1'!AM43,'Sales 2019 - 2024'!V:V,'X5 Template Goals - Tab 1'!A43) -> 6657.5246 | BJ43: =J43*1000=BI43 -> TRUE | BS43: =SUM(BK43:BR43) -> 0
